#BGC Name	Clan Number	Family Number
BGC0000002	2	2
BGC0000002.1	2	2
BGC0000005.1	18	18
BGC0000010	18	18
BGC0000010.1	18	18
BGC0000016	28	28
BGC0000016.1	28	28
BGC0000019	34	34
BGC0000019.1	34	34
BGC0000025	46	46
BGC0000025.1	46	46
BGC0000026	48	48
BGC0000026.1	48	48
BGC0000033	62	62
BGC0000033.1	62	62
BGC0000038	72	72
BGC0000038.1	72	72
BGC0000078	148	148
BGC0000078.1	148	148
BGC0000081	154	154
BGC0000082	157	157
BGC0000082.1	157	157
BGC0000112	213	213
BGC0000112.1	213	213
BGC0000118	225	225
BGC0000119	225	225
BGC0000131	251	251
BGC0000131.1	251	251
BGC0000141	269	269
BGC0000141.1	269	269
BGC0000142	271	271
BGC0000144	275	275
BGC0000144.1	275	275
BGC0000168	322	322
BGC0000168.1	322	322
BGC0000175	334	334
BGC0000175.1	334	334
BGC0000182	348	348
BGC0000182.1	348	348
BGC0000187	357	357
BGC0000187.1	357	357
BGC0000188	359	359
BGC0000188.1	359	359
BGC0000928.1	359	359
BGC0000189	361	361
BGC0000189.1	361	361
BGC0000193	369	369
BGC0000193.1	369	369
BGC0000196	375	375
BGC0000199	381	381
BGC0000199.1	381	381
BGC0000207	396	396
BGC0000207.1	396	396
BGC0000210	402	402
BGC0000210.1	402	402
BGC0000213	408	408
BGC0000213.1	408	408
BGC0000227	436	436
BGC0000238	457	457
BGC0000238.1	457	457
BGC0000243	467	467
BGC0000243.1	467	467
BGC0000244	469	469
BGC0000244.1	469	469
BGC0000247	474	474
BGC0000247.1	474	474
BGC0000249	478	478
BGC0000249.1	478	478
BGC0000252	482	482
BGC0000262	502	502
BGC0000262.1	502	502
BGC0000265	508	508
BGC0000265.1	508	508
BGC0000274	526	526
BGC0000274.1	526	526
BGC0000239	530	530
BGC0000239.1	530	530
BGC0000267	530	530
BGC0000267.1	530	530
BGC0000276.1	530	530
BGC0001438	530	530
BGC0001438.1	530	530
BGC0000283	543	543
BGC0000294	565	565
BGC0000295	568	568
BGC0000295.1	568	568
BGC0000302	580	580
BGC0000314	604	604
BGC0000329	632	632
BGC0000329.1	632	632
BGC0000333	640	640
BGC0000356	685	685
BGC0000356.1	685	685
BGC0000372	714	714
BGC0000372.1	714	714
BGC0000383	736	736
BGC0000384	738	738
BGC0000387	744	744
BGC0000391	749	749
BGC0000406	779	779
BGC0000406.1	779	779
BGC0000413	793	793
BGC0000420	808	808
BGC0000420.1	808	808
BGC0000422	811	811
BGC0000422.1	811	811
BGC0000442	851	851
BGC0000451	869	869
BGC0000451.1	869	869
BGC0000459	884	884
BGC0000459.1	884	884
BGC0000466	896	896
BGC0000466.1	896	896
BGC0000510	978	978
BGC0000510.1	978	978
BGC0000548	1050	1050
BGC0000550	1054	1054
BGC0000562	1078	1078
BGC0000584	1122	1122
BGC0000584.1	1122	1122
BGC0000586	1126	1126
BGC0000586.1	1126	1126
BGC0000587	1128	1128
BGC0000587.1	1128	1128
BGC0000588	1130	1130
BGC0000588.1	1130	1130
BGC0000589	1132	1132
BGC0000589.1	1132	1132
BGC0000590	1134	1134
BGC0000590.1	1134	1134
BGC0000595	1147	1147
BGC0000595.1	1147	1147
BGC0000596	1147	1147
BGC0000596.1	1147	1147
BGC0000597	1148	1148
BGC0000597.1	1148	1148
BGC0000621	1196	1196
BGC0000621.1	1196	1196
BGC0000622	1198	1198
BGC0000622.1	1198	1198
BGC0000623	1200	1200
BGC0000654	1261	1261
BGC0000611	1263	1263
BGC0000611.1	1263	1263
BGC0000655.1	1263	1263
BGC0000662	1276	1276
BGC0000662.1	1276	1276
BGC0000665	1285	1285
BGC0000665.1	1285	1285
BGC0000666	1285	1285
BGC0000666.1	1285	1285
BGC0000670	1292	1292
BGC0000670.1	1292	1292
BGC0000673	1298	1298
BGC0000673.1	1298	1298
BGC0000677	1306	1306
BGC0000677.1	1306	1306
BGC0000686	1321	1321
BGC0000686.1	1321	1321
BGC0000687	1323	1323
BGC0000687.1	1323	1323
BGC0000695	1339	1339
BGC0000695.1	1339	1339
BGC0000698	1344	1344
BGC0000698.1	1344	1344
BGC0000700	1348	1348
BGC0000700.1	1348	1348
BGC0000706	1360	1360
BGC0000706.1	1360	1360
BGC0000707	1362	1362
BGC0000707.1	1362	1362
BGC0000712	1371	1371
BGC0000725	1395	1395
BGC0000728	1403	1403
BGC0000728.1	1403	1403
BGC0000729	1403	1403
BGC0000729.1	1403	1403
BGC0000730	1407	1407
BGC0000730.1	1407	1407
BGC0000731	1407	1407
BGC0000731.1	1407	1407
BGC0000732	1411	1411
BGC0000732.1	1411	1411
BGC0000733	1411	1411
BGC0000733.1	1411	1411
BGC0000734	1412	1412
BGC0000734.1	1412	1412
BGC0000735	1414	1414
BGC0000735.1	1414	1414
BGC0000736	1416	1416
BGC0000736.1	1416	1416
BGC0000738	1420	1420
BGC0000738.1	1420	1420
BGC0000737	1423	1423
BGC0000737.1	1423	1423
BGC0000739	1423	1423
BGC0000739.1	1423	1423
BGC0000740	1439	1439
BGC0000740.1	1439	1439
BGC0000741	1439	1439
BGC0000741.1	1439	1439
BGC0000742	1439	1439
BGC0000742.1	1439	1439
BGC0000743	1439	1439
BGC0000743.1	1439	1439
BGC0000744	1439	1439
BGC0000744.1	1439	1439
BGC0000745	1439	1439
BGC0000745.1	1439	1439
BGC0000746	1439	1439
BGC0000746.1	1439	1439
BGC0000747	1439	1439
BGC0000747.1	1439	1439
BGC0000748	1439	1439
BGC0000748.1	1439	1439
BGC0000749	1442	1442
BGC0000749.1	1442	1442
BGC0000750.1	1444	1444
BGC0000753	1444	1444
BGC0000753.1	1444	1444
BGC0000751	1445	1445
BGC0000751.1	1445	1445
BGC0000752	1448	1448
BGC0000752.1	1448	1448
BGC0000754	1454	1454
BGC0000754.1	1454	1454
BGC0000755	1454	1454
BGC0000755.1	1454	1454
BGC0000756	1455	1455
BGC0000756.1	1455	1455
BGC0000757	1455	1455
BGC0000757.1	1455	1455
BGC0000758	1459	1459
BGC0000758.1	1459	1459
BGC0000759	1462	1462
BGC0000759.1	1462	1462
BGC0000797	1462	1462
BGC0000797.1	1462	1462
BGC0000760	1464	1464
BGC0000760.1	1464	1464
BGC0000761	1465	1465
BGC0000761.1	1465	1465
BGC0000762	1467	1467
BGC0000762.1	1467	1467
BGC0000763	1469	1469
BGC0000763.1	1469	1469
BGC0000764	1472	1472
BGC0000764.1	1472	1472
BGC0000765	1473	1473
BGC0000765.1	1473	1473
BGC0000766	1475	1475
BGC0000766.1	1475	1475
BGC0000767	1477	1477
BGC0000767.1	1477	1477
BGC0000768	1480	1480
BGC0000768.1	1480	1480
BGC0000769	1481	1481
BGC0000769.1	1481	1481
BGC0000770	1483	1483
BGC0000770.1	1483	1483
BGC0000772	1486	1486
BGC0000772.1	1486	1486
BGC0000773	1488	1488
BGC0000773.1	1488	1488
BGC0000774	1490	1490
BGC0000774.1	1490	1490
BGC0000775	1492	1492
BGC0000775.1	1492	1492
BGC0000776	1494	1494
BGC0000776.1	1494	1494
BGC0000777	1496	1496
BGC0000777.1	1496	1496
BGC0000778	1498	1498
BGC0000778.1	1498	1498
BGC0000779	1500	1500
BGC0000779.1	1500	1500
BGC0000780	1502	1502
BGC0000780.1	1502	1502
BGC0000781	1504	1504
BGC0000781.1	1504	1504
BGC0000782	1507	1507
BGC0000782.1	1507	1507
BGC0000785	1507	1507
BGC0000785.1	1507	1507
BGC0000783	1508	1508
BGC0000783.1	1508	1508
BGC0000784	1510	1510
BGC0000784.1	1510	1510
BGC0000786	1514	1514
BGC0000786.1	1514	1514
BGC0000787	1516	1516
BGC0000787.1	1516	1516
BGC0000788	1518	1518
BGC0000788.1	1518	1518
BGC0000789	1520	1520
BGC0000789.1	1520	1520
BGC0000790	1522	1522
BGC0000790.1	1522	1522
BGC0000791	1524	1524
BGC0000791.1	1524	1524
BGC0000792	1526	1526
BGC0000792.1	1526	1526
BGC0000793	1528	1528
BGC0000793.1	1528	1528
BGC0000794	1530	1530
BGC0000794.1	1530	1530
BGC0000795	1532	1532
BGC0000795.1	1532	1532
BGC0000798	1538	1538
BGC0000798.1	1538	1538
BGC0000799	1540	1540
BGC0000799.1	1540	1540
BGC0000800	1542	1542
BGC0000800.1	1542	1542
BGC0000801	1544	1544
BGC0000801.1	1544	1544
BGC0000802	1546	1546
BGC0000802.1	1546	1546
BGC0000803	1548	1548
BGC0000803.1	1548	1548
BGC0000804	1550	1550
BGC0000804.1	1550	1550
BGC0000806	1553	1553
BGC0000806.1	1553	1553
BGC0000807	1555	1555
BGC0000807.1	1555	1555
BGC0000809	1558	1558
BGC0000809.1	1558	1558
BGC0000810	1560	1560
BGC0000810.1	1560	1560
BGC0000811	1562	1562
BGC0000812	1564	1564
BGC0000812.1	1564	1564
BGC0000813	1567	1567
BGC0000813.1	1567	1567
BGC0000814	1567	1567
BGC0000814.1	1567	1567
BGC0000815	1571	1571
BGC0000815.1	1571	1571
BGC0001282.1	1571	1571
BGC0000816	1572	1572
BGC0000816.1	1572	1572
BGC0000817	1574	1574
BGC0000817.1	1574	1574
BGC0000818	1576	1576
BGC0000818.1	1576	1576
BGC0000819	1578	1578
BGC0000819.1	1578	1578
BGC0000820	1580	1580
BGC0000820.1	1580	1580
BGC0000821	1583	1583
BGC0000821.1	1583	1583
BGC0000822.1	1583	1583
BGC0000823.1	1583	1583
BGC0000825	1590	1590
BGC0000825.1	1590	1590
BGC0000826	1590	1590
BGC0000826.1	1590	1590
BGC0000827	1592	1592
BGC0000827.1	1592	1592
BGC0000828.1	1595	1595
BGC0000829	1595	1595
BGC0000829.1	1595	1595
BGC0000830	1596	1596
BGC0000830.1	1596	1596
BGC0000831	1598	1598
BGC0000831.1	1598	1598
BGC0000832	1603	1603
BGC0000832.1	1603	1603
BGC0000833	1603	1603
BGC0000833.1	1603	1603
BGC0000834	1604	1604
BGC0000834.1	1604	1604
BGC0000836	1608	1608
BGC0000836.1	1608	1608
BGC0000837	1609	1609
BGC0000837.1	1609	1609
BGC0000838	1611	1611
BGC0000838.1	1611	1611
BGC0000839	1613	1613
BGC0000839.1	1613	1613
BGC0000840	1616	1616
BGC0000840.1	1616	1616
BGC0000841	1617	1617
BGC0000841.1	1617	1617
BGC0000842	1619	1619
BGC0000842.1	1619	1619
BGC0000843	1621	1621
BGC0000843.1	1621	1621
BGC0000844	1623	1623
BGC0000844.1	1623	1623
BGC0000845	1623	1623
BGC0000845.1	1623	1623
BGC0000846	1627	1627
BGC0000846.1	1627	1627
BGC0000847	1629	1629
BGC0000847.1	1629	1629
BGC0000848	1632	1632
BGC0000848.1	1632	1632
BGC0000849	1633	1633
BGC0000849.1	1633	1633
BGC0000850	1635	1635
BGC0000850.1	1635	1635
BGC0000851	1637	1637
BGC0000851.1	1637	1637
BGC0000852	1640	1640
BGC0000852.1	1640	1640
BGC0000854	1643	1643
BGC0000854.1	1643	1643
BGC0000858	1651	1651
BGC0000858.1	1651	1651
BGC0000855	1654	1654
BGC0000855.1	1654	1654
BGC0000856	1654	1654
BGC0000856.1	1654	1654
BGC0000857	1654	1654
BGC0000857.1	1654	1654
BGC0000859	1654	1654
BGC0000859.1	1654	1654
BGC0000860	1656	1656
BGC0000860.1	1656	1656
BGC0000861	1661	1661
BGC0000862	1661	1661
BGC0000863	1661	1661
BGC0000865	1661	1661
BGC0002648	1661	1661
BGC0000864	1663	1663
BGC0000866	1667	1667
BGC0000866.1	1667	1667
BGC0000867	1669	1669
BGC0000867.1	1669	1669
BGC0000868	1672	1672
BGC0000868.1	1672	1672
BGC0000870	1675	1675
BGC0000870.1	1675	1675
BGC0000873	1681	1681
BGC0000873.1	1681	1681
BGC0000872	1686	1686
BGC0000872.1	1686	1686
BGC0000875	1686	1686
BGC0000875.1	1686	1686
BGC0001076	1686	1686
BGC0001076.1	1686	1686
BGC0000877	1689	1689
BGC0000877.1	1689	1689
BGC0000878	1691	1691
BGC0000878.1	1691	1691
BGC0000879	1693	1693
BGC0000879.1	1693	1693
BGC0000880	1696	1696
BGC0000880.1	1696	1696
BGC0000882	1699	1699
BGC0000882.1	1699	1699
BGC0000883	1701	1701
BGC0000883.1	1701	1701
BGC0000884	1704	1704
BGC0000884.1	1704	1704
BGC0000885	1705	1705
BGC0000885.1	1705	1705
BGC0000886	1707	1707
BGC0000886.1	1707	1707
BGC0000887	1709	1709
BGC0000887.1	1709	1709
BGC0000888	1711	1711
BGC0000888.1	1711	1711
BGC0001184	1711	1711
BGC0001184.1	1711	1711
BGC0000889	1714	1714
BGC0000889.1	1714	1714
BGC0001592	1714	1714
BGC0001592.1	1714	1714
BGC0002029.1	1714	1714
BGC0000890	1718	1718
BGC0000890.1	1718	1718
BGC0000891	1718	1718
BGC0000891.1	1718	1718
BGC0000892	1720	1720
BGC0000892.1	1720	1720
BGC0000894	1723	1723
BGC0000894.1	1723	1723
BGC0000895	1725	1725
BGC0000895.1	1725	1725
BGC0000896	1728	1728
BGC0000896.1	1728	1728
BGC0000897	1729	1729
BGC0000897.1	1729	1729
BGC0000898	1734	1734
BGC0000898.1	1734	1734
BGC0000899	1734	1734
BGC0000899.1	1734	1734
BGC0000903	1741	1741
BGC0000903.1	1741	1741
BGC0000904	1744	1744
BGC0000904.1	1744	1744
BGC0000905	1745	1745
BGC0000905.1	1745	1745
BGC0000906	1747	1747
BGC0000906.1	1747	1747
BGC0000907	1749	1749
BGC0000907.1	1749	1749
BGC0000908	1752	1752
BGC0000908.1	1752	1752
BGC0000909	1753	1753
BGC0000909.1	1753	1753
BGC0000910	1755	1755
BGC0000910.1	1755	1755
BGC0000911	1757	1757
BGC0000911.1	1757	1757
BGC0000912	1760	1760
BGC0000912.1	1760	1760
BGC0000913	1761	1761
BGC0000913.1	1761	1761
BGC0000914	1763	1763
BGC0000914.1	1763	1763
BGC0000915	1765	1765
BGC0000915.1	1765	1765
BGC0000916	1768	1768
BGC0000916.1	1768	1768
BGC0000917	1769	1769
BGC0000917.1	1769	1769
BGC0000918	1771	1771
BGC0000918.1	1771	1771
BGC0000919	1773	1773
BGC0000919.1	1773	1773
BGC0000920	1776	1776
BGC0000920.1	1776	1776
BGC0000922	1779	1779
BGC0000922.1	1779	1779
BGC0000923	1781	1781
BGC0000923.1	1781	1781
BGC0000924	1784	1784
BGC0000924.1	1784	1784
BGC0000925	1785	1785
BGC0000925.1	1785	1785
BGC0000926	1787	1787
BGC0000926.1	1787	1787
BGC0000927	1789	1789
BGC0000927.1	1789	1789
BGC0000929	1792	1792
BGC0000929.1	1792	1792
BGC0000932	1798	1798
BGC0000932.1	1798	1798
BGC0001362.1	1798	1798
BGC0000933	1800	1800
BGC0000933.1	1800	1800
BGC0000934	1802	1802
BGC0000934.1	1802	1802
BGC0001078	1802	1802
BGC0001078.1	1802	1802
BGC0001080	1802	1802
BGC0001080.1	1802	1802
BGC0000935	1803	1803
BGC0000935.1	1803	1803
BGC0000936	1805	1805
BGC0000936.1	1805	1805
BGC0000937	1808	1808
BGC0000937.1	1808	1808
BGC0000938	1809	1809
BGC0000938.1	1809	1809
BGC0000939	1811	1811
BGC0000939.1	1811	1811
BGC0000942	1817	1817
BGC0000942.1	1817	1817
BGC0000943	1819	1819
BGC0000943.1	1819	1819
BGC0000944	1821	1821
BGC0000944.1	1821	1821
BGC0000945	1823	1823
BGC0000946	1828	1828
BGC0000946.1	1828	1828
BGC0000947	1828	1828
BGC0000947.1	1828	1828
BGC0000948	1829	1829
BGC0000948.1	1829	1829
BGC0000288	1831	1831
BGC0000288.1	1831	1831
BGC0000949	1831	1831
BGC0000949.1	1831	1831
BGC0000956	1844	1844
BGC0000961	1854	1854
BGC0000961.1	1854	1854
BGC0000977	1887	1887
BGC0000977.1	1887	1887
BGC0001874	1887	1887
BGC0001874.1	1887	1887
BGC0000986	1904	1904
BGC0000986.1	1904	1904
BGC0000992	1914	1914
BGC0000992.1	1914	1914
BGC0001004	1939	1939
BGC0001004.1	1939	1939
BGC0001183	1939	1939
BGC0001183.1	1939	1939
BGC0002550	1939	1939
BGC0001020	1969	1969
BGC0001020.1	1969	1969
BGC0001035	1999	1999
BGC0001038	2005	2005
BGC0001038.1	2005	2005
BGC0001044	2017	2017
BGC0001044.1	2017	2017
BGC0001046	2021	2021
BGC0001046.1	2021	2021
BGC0001056	2041	2041
BGC0000270	2074	2074
BGC0000270.1	2074	2074
BGC0000835.1	2074	2074
BGC0001072	2074	2074
BGC0001072.1	2074	2074
BGC0001073	2075	2075
BGC0001073.1	2075	2075
BGC0001074	2078	2078
BGC0001074.1	2078	2078
BGC0001558	2078	2078
BGC0001558.1	2078	2078
BGC0001568	2078	2078
BGC0001568.1	2078	2078
BGC0001075	2080	2080
BGC0001075.1	2080	2080
BGC0000652	2087	2087
BGC0000652.1	2087	2087
BGC0001079	2087	2087
BGC0001079.1	2087	2087
BGC0001082	2092	2092
BGC0001083	2094	2094
BGC0001083.1	2094	2094
BGC0001084	2096	2096
BGC0001084.1	2096	2096
BGC0001085	2098	2098
BGC0001095	2115	2115
BGC0001100	2122	2122
BGC0001130	2176	2176
BGC0001134	2184	2184
BGC0001134.1	2184	2184
BGC0001137	2190	2190
BGC0001137.1	2190	2190
BGC0001138	2192	2192
BGC0001138.1	2192	2192
BGC0001148	2210	2210
BGC0001148.1	2210	2210
BGC0001150	2214	2214
BGC0001151	2216	2216
BGC0001151.1	2216	2216
BGC0001154	2222	2222
BGC0001154.1	2222	2222
BGC0001140	2227	2227
BGC0001140.1	2227	2227
BGC0001156	2227	2227
BGC0001156.1	2227	2227
BGC0001898.1	2227	2227
BGC0001191	2292	2292
BGC0001191.1	2292	2292
BGC0001198	2306	2306
BGC0001198.1	2306	2306
BGC0001205	2320	2320
BGC0001205.1	2320	2320
BGC0001206	2322	2322
BGC0001206.1	2322	2322
BGC0001217	2344	2344
BGC0001217.1	2344	2344
BGC0001219	2347	2347
BGC0001219.1	2347	2347
BGC0001221	2352	2352
BGC0001221.1	2352	2352
BGC0001223	2355	2355
BGC0001223.1	2355	2355
BGC0001224	2357	2357
BGC0001224.1	2357	2357
BGC0001225	2359	2359
BGC0001238	2383	2383
BGC0001238.1	2383	2383
BGC0001239	2383	2383
BGC0001239.1	2383	2383
BGC0001241	2389	2389
BGC0002232	2389	2389
BGC0001248	2401	2401
BGC0001248.1	2401	2401
BGC0001260	2422	2422
BGC0001262	2426	2426
BGC0001262.1	2426	2426
BGC0001267	2434	2434
BGC0001285	2462	2462
BGC0001285.1	2462	2462
BGC0001286	2464	2464
BGC0001286.1	2464	2464
BGC0001294	2480	2480
BGC0001294.1	2480	2480
BGC0001295	2482	2482
BGC0001295.1	2482	2482
BGC0001302	2496	2496
BGC0001302.1	2496	2496
BGC0001306	2504	2504
BGC0001306.1	2504	2504
BGC0001313	2516	2516
BGC0001313.1	2516	2516
BGC0001314	2518	2518
BGC0001314.1	2518	2518
BGC0001315	2520	2520
BGC0001315.1	2520	2520
BGC0001316	2522	2522
BGC0001316.1	2522	2522
BGC0001317	2524	2524
BGC0001317.1	2524	2524
BGC0001318	2526	2526
BGC0001318.1	2526	2526
BGC0001325	2538	2538
BGC0001325.1	2538	2538
BGC0001330	2546	2546
BGC0001330.1	2546	2546
BGC0001333	2552	2552
BGC0001333.1	2552	2552
BGC0001334	2554	2554
BGC0001334.1	2554	2554
BGC0001335	2556	2556
BGC0001335.1	2556	2556
BGC0001336	2558	2558
BGC0001336.1	2558	2558
BGC0001337	2560	2560
BGC0001337.1	2560	2560
BGC0001339	2564	2564
BGC0001339.1	2564	2564
BGC0001343	2572	2572
BGC0001343.1	2572	2572
BGC0001365	2609	2609
BGC0001365.1	2609	2609
BGC0001369	2617	2617
BGC0001369.1	2617	2617
BGC0001372	2624	2624
BGC0001372.1	2624	2624
BGC0001373	2625	2625
BGC0001373.1	2625	2625
BGC0001374	2627	2627
BGC0001374.1	2627	2627
BGC0001375	2629	2629
BGC0001380	2639	2639
BGC0001380.1	2639	2639
BGC0001765	2639	2639
BGC0001765.1	2639	2639
BGC0001387	2651	2651
BGC0001387.1	2651	2651
BGC0001395	2667	2667
BGC0001395.1	2667	2667
BGC0001408	2692	2692
BGC0001408.1	2692	2692
BGC0001410	2696	2696
BGC0001410.1	2696	2696
BGC0001411	2698	2698
BGC0001411.1	2698	2698
BGC0001412	2700	2700
BGC0001412.1	2700	2700
BGC0001435	2746	2746
BGC0001437	2751	2751
BGC0001437.1	2751	2751
BGC0001710.1	2751	2751
BGC0001439	2754	2754
BGC0001439.1	2754	2754
BGC0001440	2756	2756
BGC0001440.1	2756	2756
BGC0001441	2758	2758
BGC0001441.1	2758	2758
BGC0000940	2782	2782
BGC0000940.1	2782	2782
BGC0000941	2782	2782
BGC0000941.1	2782	2782
BGC0001453	2782	2782
BGC0001453.1	2782	2782
BGC0001458	2792	2792
BGC0001458.1	2792	2792
BGC0001463	2804	2804
BGC0001463.1	2804	2804
BGC0001464	2804	2804
BGC0001464.1	2804	2804
BGC0001465	2805	2805
BGC0001465.1	2805	2805
BGC0001468	2811	2811
BGC0001468.1	2811	2811
BGC0001530.1	2811	2811
BGC0001476	2826	2826
BGC0001476.1	2826	2826
BGC0001478	2831	2831
BGC0001478.1	2831	2831
BGC0002305	2831	2831
BGC0002690	2831	2831
BGC0001479	2832	2832
BGC0001480	2834	2834
BGC0001480.1	2834	2834
BGC0001483	2838	2838
BGC0001483.1	2838	2838
BGC0001484	2840	2840
BGC0001484.1	2840	2840
BGC0001487	2847	2847
BGC0001487.1	2847	2847
BGC0001935.1	2847	2847
BGC0001488	2848	2848
BGC0001488.1	2848	2848
BGC0001490	2852	2852
BGC0001490.1	2853	2853
BGC0001493.1	2859	2859
BGC0001496.1	2865	2865
BGC0001498	2867	2867
BGC0001498.1	2867	2867
BGC0001499	2870	2870
BGC0001499.1	2870	2870
BGC0001555.1	2870	2870
BGC0000668	2874	2874
BGC0000668.1	2874	2874
BGC0001126	2874	2874
BGC0001126.1	2874	2874
BGC0001501	2874	2874
BGC0001501.1	2874	2874
BGC0001594	2874	2874
BGC0001594.1	2874	2874
BGC0001595	2874	2874
BGC0001595.1	2874	2874
BGC0001612	2874	2874
BGC0001612.1	2874	2874
BGC0001506.1	2884	2884
BGC0001507.1	2886	2886
BGC0001510	2891	2891
BGC0001510.1	2891	2891
BGC0001514	2899	2899
BGC0001514.1	2899	2899
BGC0001516.1	2904	2904
BGC0001521	2913	2913
BGC0001521.1	2913	2913
BGC0001452	2916	2916
BGC0001452.1	2916	2916
BGC0001522	2916	2916
BGC0001522.1	2916	2916
BGC0001525	2921	2921
BGC0001525.1	2921	2921
BGC0001526	2923	2923
BGC0001526.1	2923	2923
BGC0001528	2927	2927
BGC0001528.1	2927	2927
BGC0001915.1	2927	2927
BGC0001531	2932	2932
BGC0001531.1	2932	2932
BGC0001534	2938	2938
BGC0001534.1	2938	2938
BGC0001535	2940	2940
BGC0001535.1	2940	2940
BGC0001444.1	2946	2946
BGC0001538.1	2946	2946
BGC0001540	2949	2949
BGC0001540.1	2949	2949
BGC0001547	2962	2962
BGC0001547.1	2962	2962
BGC0001548.1	2965	2965
BGC0001549.1	2969	2969
BGC0001550.1	2969	2969
BGC0001551.1	2971	2971
BGC0001552.1	2973	2973
BGC0001554	2976	2976
BGC0001554.1	2976	2976
BGC0001555	2978	2978
BGC0001559	2985	2985
BGC0001562	2991	2991
BGC0001571	3009	3009
BGC0001571.1	3009	3009
BGC0001572	3011	3011
BGC0001572.1	3011	3011
BGC0001577	3021	3021
BGC0001577.1	3021	3021
BGC0001580	3027	3027
BGC0001580.1	3027	3027
BGC0001582	3030	3030
BGC0001582.1	3030	3030
BGC0001586	3038	3038
BGC0001586.1	3038	3038
BGC0001587	3040	3040
BGC0001587.1	3040	3040
BGC0001588	3042	3042
BGC0001588.1	3042	3042
BGC0001589	3044	3044
BGC0001589.1	3044	3044
BGC0001593.1	3053	3053
BGC0001605	3076	3076
BGC0001605.1	3076	3076
BGC0001607	3080	3080
BGC0001607.1	3080	3080
BGC0001610	3086	3086
BGC0001610.1	3086	3086
BGC0001611.1	3089	3089
BGC0001616	3097	3097
BGC0001616.1	3097	3097
BGC0001619	3104	3104
BGC0001619.1	3104	3104
BGC0001620	3105	3105
BGC0001763	3105	3105
BGC0001623	3111	3111
BGC0001624	3113	3113
BGC0001633.1	3132	3132
BGC0000578.1	3134	3134
BGC0001634.1	3134	3134
BGC0001638	3141	3141
BGC0001638.1	3141	3141
BGC0001639.1	3144	3144
BGC0001645.1	3155	3155
BGC0001646	3157	3157
BGC0001646.1	3157	3157
BGC0001946.1	3157	3157
BGC0001651	3166	3166
BGC0001651.1	3166	3166
BGC0001654	3172	3172
BGC0001654.1	3172	3172
BGC0001655.1	3175	3175
BGC0001659	3182	3182
BGC0001659.1	3182	3182
BGC0001664	3192	3192
BGC0001664.1	3192	3192
BGC0001668.1	3201	3201
BGC0001669	3202	3202
BGC0001671	3206	3206
BGC0001671.1	3206	3206
BGC0001539.1	3210	3210
BGC0001673.1	3210	3210
BGC0001674.1	3212	3212
BGC0001676.1	3215	3215
BGC0001678	3218	3218
BGC0001681	3222	3222
BGC0001681.1	3222	3222
BGC0001682	3224	3224
BGC0001682.1	3224	3224
BGC0001683	3226	3226
BGC0001683.1	3226	3226
BGC0001684	3228	3228
BGC0001684.1	3228	3228
BGC0001685	3230	3230
BGC0001685.1	3230	3230
BGC0001687	3234	3234
BGC0001687.1	3234	3234
BGC0001591	3236	3236
BGC0001591.1	3236	3236
BGC0001688.1	3236	3236
BGC0001691.1	3240	3240
BGC0001696.1	3250	3250
BGC0001802.1	3250	3250
BGC0001706	3267	3267
BGC0001936.1	3267	3267
BGC0001712	3278	3278
BGC0001713	3280	3280
BGC0001713.1	3280	3280
BGC0001717	3288	3288
BGC0001717.1	3288	3288
BGC0001718	3289	3289
BGC0001718.1	3289	3289
BGC0001725	3304	3304
BGC0001725.1	3304	3304
BGC0001731.1	3316	3316
BGC0001732.1	3316	3316
BGC0001736	3324	3324
BGC0001736.1	3324	3324
BGC0001739	3330	3330
BGC0001739.1	3330	3330
BGC0001747	3344	3344
BGC0001747.1	3344	3344
BGC0001757	3363	3363
BGC0001757.1	3363	3363
BGC0001771	3390	3390
BGC0001771.1	3390	3390
BGC0001774	3396	3396
BGC0001774.1	3396	3396
BGC0001775	3398	3398
BGC0001776	3400	3400
BGC0001777	3402	3402
BGC0001778	3404	3404
BGC0001778.1	3404	3404
BGC0001779.1	3407	3407
BGC0001781.1	3411	3411
BGC0001782	3412	3412
BGC0001782.1	3412	3412
BGC0001783	3414	3414
BGC0001783.1	3414	3414
BGC0001786.1	3421	3421
BGC0001797.1	3443	3443
BGC0001799	3445	3445
BGC0001799.1	3445	3445
BGC0001800	3448	3448
BGC0001800.1	3448	3448
BGC0000625.1	3453	3453
BGC0001803.1	3453	3453
BGC0000881	3461	3461
BGC0000881.1	3461	3461
BGC0001808	3461	3461
BGC0001808.1	3461	3461
BGC0001809	3462	3462
BGC0001809.1	3462	3462
BGC0001810	3464	3464
BGC0001810.1	3464	3464
BGC0001569	3472	3472
BGC0001814	3472	3472
BGC0001817	3477	3477
BGC0001817.1	3477	3477
BGC0001847	3532	3532
BGC0001847.1	3532	3532
BGC0001850	3538	3538
BGC0001850.1	3538	3538
BGC0001851	3543	3543
BGC0001851.1	3543	3543
BGC0001852	3543	3543
BGC0001852.1	3543	3543
BGC0001859	3553	3553
BGC0001859.1	3553	3553
BGC0001864	3563	3563
BGC0001864.1	3563	3563
BGC0001868	3570	3570
BGC0001868.1	3570	3570
BGC0001869	3572	3572
BGC0001870	3573	3573
BGC0001870.1	3573	3573
BGC0001872	3576	3576
BGC0001872.1	3576	3576
BGC0001877	3585	3585
BGC0001877.1	3585	3585
BGC0001879	3589	3589
BGC0001882	3593	3593
BGC0001882.1	3593	3593
BGC0001678.1	3595	3595
BGC0001883.1	3595	3595
BGC0001887	3602	3602
BGC0001887.1	3602	3602
BGC0001888	3604	3604
BGC0001888.1	3604	3604
BGC0001891.1	3611	3611
BGC0001893	3614	3614
BGC0001893.1	3614	3614
BGC0001894	3616	3616
BGC0001894.1	3616	3616
BGC0001896	3620	3620
BGC0001896.1	3620	3620
BGC0001897	3622	3622
BGC0001897.1	3622	3622
BGC0001529	3651	3651
BGC0001529.1	3651	3651
BGC0001914.1	3651	3651
BGC0001917	3654	3654
BGC0001917.1	3654	3654
BGC0001924	3667	3667
BGC0001924.1	3667	3667
BGC0001925	3669	3669
BGC0001925.1	3669	3669
BGC0001928	3675	3675
BGC0001928.1	3675	3675
BGC0001937	3688	3688
BGC0001937.1	3688	3688
BGC0001947	3705	3705
BGC0001947.1	3705	3705
BGC0001948	3707	3707
BGC0001948.1	3707	3707
BGC0001949	3709	3709
BGC0001949.1	3709	3709
BGC0001959	3728	3728
BGC0001959.1	3728	3728
BGC0001965	3739	3739
BGC0001965.1	3739	3739
BGC0001967	3744	3744
BGC0001967.1	3744	3744
BGC0001972	3755	3755
BGC0001972.1	3755	3755
BGC0001973.1	3755	3755
BGC0001974	3756	3756
BGC0001974.1	3756	3756
BGC0001975	3758	3758
BGC0001975.1	3758	3758
BGC0001979	3765	3765
BGC0001979.1	3765	3765
BGC0002141	3765	3765
BGC0001983	3769	3769
BGC0001983.1	3769	3769
BGC0001985	3773	3773
BGC0001985.1	3773	3773
BGC0001986	3776	3776
BGC0001986.1	3776	3776
BGC0001987	3777	3777
BGC0001987.1	3777	3777
BGC0001989	3781	3781
BGC0001989.1	3781	3781
BGC0001990	3784	3784
BGC0001990.1	3784	3784
BGC0001991.1	3786	3786
BGC0001992	3787	3787
BGC0001992.1	3788	3788
BGC0001994	3790	3790
BGC0001994.1	3790	3790
BGC0001996	3794	3794
BGC0001996.1	3794	3794
BGC0002002	3806	3806
BGC0002002.1	3806	3806
BGC0002005	3811	3811
BGC0002005.1	3811	3811
BGC0002008	3817	3817
BGC0002008.1	3817	3817
BGC0002009.1	3820	3820
BGC0002010	3821	3821
BGC0002010.1	3821	3821
BGC0002014	3829	3829
BGC0002014.1	3829	3829
BGC0002018	3836	3836
BGC0002018.1	3836	3836
BGC0002020	3840	3840
BGC0002020.1	3840	3840
BGC0002031	3858	3858
BGC0002031.1	3858	3858
BGC0001931	3863	3863
BGC0001931.1	3863	3863
BGC0002033	3863	3863
BGC0002033.1	3863	3863
BGC0002036	3868	3868
BGC0002036.1	3868	3868
BGC0002039	3872	3872
BGC0002040	3873	3873
BGC0002282	3873	3873
BGC0002042	3874	3874
BGC0002043	3875	3875
BGC0000853	3884	3884
BGC0000853.1	3884	3884
BGC0002052	3884	3884
BGC0002059	3893	3893
BGC0002068	3901	3901
BGC0002069	3902	3902
BGC0002073	3906	3906
BGC0002076	3909	3909
BGC0002078	3910	3910
BGC0002079	3910	3910
BGC0002080	3912	3912
BGC0002085	3917	3917
BGC0002087	3919	3919
BGC0002088	3920	3920
BGC0002097	3928	3928
BGC0002084	3930	3930
BGC0002099	3930	3930
BGC0002100	3931	3931
BGC0002103	3934	3934
BGC0002108	3939	3939
BGC0002109	3940	3940
BGC0002115	3944	3944
BGC0002116	3945	3945
BGC0002128	3956	3956
BGC0002129	3957	3957
BGC0002134	3962	3962
BGC0000229	3967	3967
BGC0000229.1	3967	3967
BGC0000268	3967	3967
BGC0000268.1	3967	3967
BGC0000278	3967	3967
BGC0000278.1	3967	3967
BGC0001384	3967	3967
BGC0001384.1	3967	3967
BGC0001769	3967	3967
BGC0001769.1	3967	3967
BGC0002140	3967	3967
BGC0002361	3967	3967
BGC0002142	3969	3969
BGC0002148	3974	3974
BGC0002149	3975	3975
BGC0002150	3976	3976
BGC0002151	3976	3976
BGC0002152	3978	3978
BGC0002162	3986	3986
BGC0002163	3987	3987
BGC0002181	4004	4004
BGC0002195	4014	4014
BGC0002199	4018	4018
BGC0002207	4023	4023
BGC0002216	4032	4032
BGC0002217	4033	4033
BGC0002218	4034	4034
BGC0002219	4035	4035
BGC0002220	4036	4036
BGC0002221	4037	4037
BGC0002226	4042	4042
BGC0002234	4049	4049
BGC0002245	4058	4058
BGC0002248	4060	4060
BGC0002254	4063	4063
BGC0002256	4065	4065
BGC0002262	4071	4071
BGC0002271	4077	4077
BGC0000293	4078	4078
BGC0000293.1	4078	4078
BGC0002272	4078	4078
BGC0002273	4079	4079
BGC0002284	4087	4087
BGC0002285	4088	4088
BGC0002290	4093	4093
BGC0002294	4096	4096
BGC0002302	4103	4103
BGC0002313	4113	4113
BGC0002321	4121	4121
BGC0002331	4131	4131
BGC0002334	4134	4134
BGC0002338	4137	4137
BGC0002341	4140	4140
BGC0002343	4142	4142
BGC0002345	4144	4144
BGC0002347	4146	4146
BGC0002349	4148	4148
BGC0002354	4153	4153
BGC0002364	4163	4163
BGC0002372	4169	4169
BGC0002373	4170	4170
BGC0001297	4173	4173
BGC0002377	4173	4173
BGC0002390	4185	4185
BGC0002391	4186	4186
BGC0002401	4196	4196
BGC0002402	4197	4197
BGC0002404	4199	4199
BGC0002405	4200	4200
BGC0002406	4201	4201
BGC0002407	4202	4202
BGC0002621	4202	4202
BGC0002409	4204	4204
BGC0002423	4218	4218
BGC0002426	4221	4221
BGC0002427	4222	4222
BGC0002428	4223	4223
BGC0002430	4225	4225
BGC0002435	4230	4230
BGC0002436	4231	4231
BGC0002439	4234	4234
BGC0002440	4235	4235
BGC0002441	4236	4236
BGC0002442	4237	4237
BGC0002444	4239	4239
BGC0002450	4245	4245
BGC0002457	4252	4252
BGC0002458	4253	4253
BGC0002460	4254	4254
BGC0002462	4256	4256
BGC0002464	4257	4257
BGC0002466	4259	4259
BGC0002469	4262	4262
BGC0002471	4264	4264
BGC0002473	4266	4266
BGC0002474	4267	4267
BGC0002476	4269	4269
BGC0002482	4274	4274
BGC0002487	4279	4279
BGC0002488	4280	4280
BGC0002489	4281	4281
BGC0002490	4282	4282
BGC0002493	4285	4285
BGC0002494	4286	4286
BGC0002496	4288	4288
BGC0002499	4291	4291
BGC0002508	4300	4300
BGC0002378	4302	4302
BGC0002510	4302	4302
BGC0002527	4315	4315
BGC0002530	4318	4318
BGC0002531	4319	4319
BGC0002536	4323	4323
BGC0002547	4334	4334
BGC0002553	4339	4339
BGC0002561	4347	4347
BGC0002566	4351	4351
BGC0002567	4352	4352
BGC0002568	4353	4353
BGC0002571	4356	4356
BGC0002573	4358	4358
BGC0002578	4362	4362
BGC0002591	4373	4373
BGC0002603	4380	4380
BGC0002604	4381	4381
BGC0002608	4385	4385
BGC0002609	4386	4386
BGC0002610	4387	4387
BGC0001371	4388	4388
BGC0002611	4388	4388
BGC0002614	4391	4391
BGC0002618	4395	4395
BGC0002620	4397	4397
BGC0002622	4399	4399
BGC0002630	4406	4406
BGC0002631	4407	4407
BGC0002470	4409	4409
BGC0002633	4409	4409
BGC0002636	4412	4412
BGC0002642	4418	4418
BGC0002643	4419	4419
BGC0002644	4420	4420
BGC0002645	4421	4421
BGC0001144	4422	4422
BGC0001144.1	4422	4422
BGC0002646	4422	4422
BGC0002647	4423	4423
BGC0002656	4430	4430
BGC0002657	4431	4431
BGC0002659	4432	4432
BGC0002662	4435	4435
BGC0002666	4438	4438
BGC0002670	4442	4442
BGC0002674	4446	4446
BGC0000429	4448	4448
BGC0002676	4448	4448
BGC0002681	4453	4453
BGC0002682	4454	4454
BGC0002683	4455	4455
BGC0002692	4463	4463
BGC0002694	4465	4465
BGC0002711	4481	4481
BGC0002721	4488	4488
BGC0002722	4489	4489
BGC0002725	4492	4492
BGC0002733	4497	4497
BGC0002736	4500	4500
BGC0002746	4502	4502
