PF02674	215,78,73
PF18975	77,192,228
PF01416	169,219,97
PF00072	66,217,80
PF00486	189,66,75
PF00672	225,113,97
PF00512	135,59,214
PF02518	67,213,99
PF01541	55,131,203
PF00829	221,186,102
PF04327	57,172,219
PF01016	208,198,99
PF03479	211,164,54
PF01018	87,119,203
PF01926	83,88,199
PF09269	211,116,73
PF01228	64,212,169
PF02901	76,66,188
PF04055	224,83,137
PF01235	54,186,82
PF07517	78,220,69
PF21090	82,227,184
PF07516	216,98,222
PF02810	226,104,134
PF00881	65,76,212
PF13336	194,54,121
PF02550	173,215,103
PF04536	227,130,109
PF05816	110,210,78
PF10112	210,97,146
PF00258	184,135,69
PF12672	147,66,190
PF00291	53,180,53
PF00834	110,73,193
PF21176	84,198,172
PF02132	101,204,86
PF13662	206,94,65
PF21175	134,206,101
PF06969	189,52,191
PF02578	72,144,220
PF05958	198,54,185
PF01938	54,177,202
PF00817	183,60,176
PF11799	185,140,91
PF01384	196,50,114
PF00920	128,50,197
PF06961	111,224,98
PF00436	131,67,188
PF02508	61,167,188
PF04205	83,182,187
PF03116	94,215,179
PF13237	123,199,92
PF10531	136,71,196
PF01512	133,189,67
PF13375	57,73,184
PF08282	111,217,57
PF16658	138,102,223
PF03144	71,210,134
PF00009	202,175,79
PF03054	201,80,194
PF20259	67,202,228
PF20258	61,211,199
PF09334	87,199,201
PF19303	129,60,217
PF01588	79,185,226
PF00872	108,194,225
PF12697	189,58,88
PF12674	79,199,86
PF01381	81,160,213
PF00701	212,156,86
PF05544	139,81,199
PF00392	182,104,216
PF07729	228,104,103
PF00356	110,65,212
PF13377	199,135,51
PF01547	210,222,64
PF00528	225,109,117
PF00128	123,181,76
PF11941	128,60,209
PF00005	212,56,157
PF13379	86,196,84
PF02082	193,57,224
PF01925	62,203,195
PF08220	135,216,84
PF12958	87,206,160
PF12681	186,185,90
PF03389	130,75,188
PF01807	192,103,88
PF05272	78,179,154
PF09035	109,68,213
PF02920	88,88,213
PF00589	218,76,163
PF01451	61,128,191
PF12833	164,81,196
PF02311	65,77,212
PF01144	142,78,210
PF01039	78,193,194
PF01869	186,118,62
PF06050	212,133,105
PF00364	58,178,137
PF04277	207,86,168
PF03977	121,89,207
PF04960	106,224,57
PF01566	215,92,71
PF09339	57,188,101
PF01614	115,202,88
PF00491	211,93,59
PF14344	76,222,110
PF01987	179,150,56
PF03466	122,190,57
PF00126	64,98,207
PF02417	109,83,179
PF01494	67,155,180
PF04140	92,190,209
PF02797	138,188,58
PF00195	199,92,120
PF00069	217,79,185
PF19402	73,222,105
PF00664	191,107,84
PF02800	62,192,109
PF00044	101,206,157
PF00266	59,226,165
PF01554	78,204,138
PF00766	211,53,142
PF01012	78,107,193
PF00725	191,65,105
PF02737	216,103,133
PF00378	167,215,95
PF11842	128,61,190
PF08497	199,127,95
PF06723	145,181,87
PF00501	55,217,101
PF00550	204,86,134
PF00298	219,198,67
PF03946	58,114,224
PF00467	217,57,61
PF03439	186,183,75
PF00584	57,139,178
PF12327	102,226,140
PF00091	148,196,95
PF04414	86,85,216
PF01909	199,226,97
PF01979	153,197,82
PF01844	181,74,64
PF03235	188,186,72
PF01871	75,185,176
PF01729	187,225,106
PF02749	82,199,86
PF18014	66,125,212
PF00583	79,217,54
PF02445	79,200,211
PF04165	148,182,56
PF02910	62,218,219
PF00890	227,223,111
PF14010	116,98,221
PF00118	91,136,184
PF13597	159,187,70
PF17912	66,214,73
PF13424	89,152,196
PF00736	127,185,68
PF07754	198,112,52
PF01040	213,102,157
PF01314	215,78,123
PF02730	87,198,227
PF00248	216,73,137
PF00654	193,94,201
PF01676	89,186,196
PF00145	182,186,81
PF13656	71,227,70
PF09840	147,185,64
PF14382	215,182,72
PF19131	180,87,127
PF00271	60,200,163
PF00270	98,229,133
PF01037	182,69,180
PF13404	203,121,53
PF01978	71,154,181
PF07883	107,199,86
PF04389	72,221,88
PF04138	113,198,92
PF00535	217,130,80
PF01269	184,153,69
PF01798	64,52,201
PF21572	52,133,208
PF00899	72,149,185
PF01230	144,199,89
PF08069	190,50,88
PF00312	208,145,89
PF01368	88,173,193
PF21763	93,76,182
PF02272	192,139,66
PF09341	84,216,111
PF01015	46,123,178
PF13412	214,97,103
PF03819	80,166,224
PF01022	226,96,217
PF10869	81,200,124
PF13367	205,155,62
PF17763	65,202,110
PF00710	191,71,129
PF13680	180,98,80
PF13692	206,53,154
PF08323	79,194,115
PF00892	198,174,52
PF01949	228,155,79
PF01936	191,53,154
PF02572	57,81,222
PF05763	198,160,65
PF03576	207,207,94
PF02926	131,215,89
PF14419	209,137,90
PF04060	216,68,215
PF03205	192,71,55
PF01791	123,214,75
PF06508	120,214,101
PF11495	55,77,189
PF01901	64,217,118
PF13231	72,82,201
PF01326	92,186,168
PF00391	80,203,141
PF02896	203,109,97
PF04909	195,64,176
PF00156	212,112,60
PF00753	202,65,122
PF01850	193,89,179
PF02834	188,171,91
PF09249	192,58,59
PF21133	131,85,189
PF13230	188,77,68
PF00149	206,103,229
PF00571	82,125,204
PF01411	80,219,130
PF07973	92,93,206
PF13245	193,140,56
PF13087	188,80,98
PF14890	198,98,79
PF00004	45,124,180
PF08542	214,83,211
PF06463	221,108,122
PF02475	73,187,138
PF18093	68,186,185
PF10150	194,73,198
PF04167	229,214,77
PF08423	96,208,74
PF13483	93,221,57
PF03833	195,70,184
PF09079	172,213,83
PF13401	116,224,58
PF01048	71,136,197
PF09754	96,214,210
PF04322	79,131,189
PF01939	62,208,225
PF21003	121,105,215
PF01889	98,170,212
PF02361	213,105,128
PF17884	203,188,54
PF01472	192,98,216
PF00999	136,85,181
PF00202	51,183,87
PF00144	111,78,182
PF13969	140,198,89
PF01544	97,209,108
PF13470	65,143,199
PF03099	83,192,68
PF02237	188,88,107
PF03477	90,195,194
PF13531	164,211,96
PF01904	71,185,147
PF07690	129,214,54
PF13304	88,172,198
PF11536	225,205,107
PF03459	186,64,139
PF02632	226,67,61
PF01885	201,93,228
PF01881	221,91,115
PF01966	81,136,215
PF18211	202,84,68
PF03750	146,179,61
PF03787	87,213,226
PF09455	151,194,54
PF01905	115,187,60
PF09704	102,96,222
PF01867	126,84,196
PF09827	139,198,81
PF01930	90,52,202
PF13192	118,90,199
PF13098	97,227,147
PF05834	185,109,220
PF02540	153,214,107
PF13181	102,159,220
PF02391	198,86,79
PF13186	175,79,189
PF06745	211,80,185
PF01970	70,181,212
PF00596	129,179,77
PF03065	217,58,225
PF09094	84,199,188
PF09095	56,201,162
PF01896	59,216,217
PF04104	88,170,211
PF16575	194,63,152
PF13545	225,114,72
PF17862	208,64,220
PF16450	196,79,179
PF00155	194,180,59
PF01008	199,95,184
PF03686	189,61,146
PF05239	161,89,181
PF04851	56,190,137
PF01564	104,92,228
PF17284	136,194,81
PF04307	136,58,199
PF01914	199,190,86
PF03168	181,161,82
PF09910	228,62,96
PF04017	96,212,127
PF01921	195,83,96
PF19269	217,55,169
PF13649	86,212,127
PF08544	53,96,206
PF07318	125,212,58
PF01558	111,216,68
PF04014	72,228,155
PF01895	53,193,115
PF01112	138,216,55
PF02080	66,196,77
PF01259	199,186,94
PF13537	60,95,196
PF00152	139,211,54
PF01336	198,99,227
PF18246	63,164,224
PF02516	58,187,205
PF01380	215,93,173
PF13522	207,74,77
PF00227	91,176,218
PF01523	218,187,68
PF19290	57,82,179
PF19289	165,77,190
PF03192	125,214,92
PF12822	55,184,198
PF00702	226,94,194
PF18306	162,84,182
PF02163	78,183,69
PF11447	52,91,182
PF01940	212,204,71
PF12706	66,185,47
PF19769	219,80,102
PF06197	64,223,200
PF14520	73,103,228
PF01546	59,207,120
PF05971	189,48,120
PF01507	210,108,222
PF12838	102,159,220
PF13669	218,171,67
PF03308	86,204,77
PF02310	92,199,194
PF00733	81,63,204
PF02254	106,53,182
PF20123	205,86,156
PF00809	58,89,189
PF17833	91,207,91
PF03657	191,217,77
PF01972	94,138,189
PF03176	64,221,105
PF12802	66,81,199
PF03129	66,72,203
PF13393	81,113,194
PF01974	165,202,91
PF02778	186,154,90
PF01171	90,127,194
PF21688	69,216,163
PF01946	207,80,188
PF00708	90,54,210
PF00478	59,178,100
PF14528	131,212,54
PF00112	189,77,88
PF17957	87,182,157
PF01883	66,207,59
PF17297	119,212,57
PF00821	195,144,63
PF00133	173,49,194
PF08264	118,226,111
PF19302	182,64,169
PF02769	214,68,74
PF00586	96,85,180
PF10130	165,98,199
PF02222	156,55,191
PF21244	86,136,193
PF00731	198,141,83
PF02844	167,99,202
PF01071	206,138,64
PF02843	52,201,119
PF06849	79,217,145
PF06973	224,120,80
PF02915	197,64,98
PF01988	223,72,170
PF01841	164,81,200
PF07726	159,76,187
PF17863	75,218,75
PF01882	186,55,168
PF13360	194,92,218
PF04254	134,228,61
PF00924	227,78,181
PF21082	192,201,92
PF01170	212,143,104
PF00575	196,81,59
PF01864	94,201,76
PF13023	225,221,107
PF00953	217,103,189
PF21350	216,169,71
PF01989	73,98,224
PF04412	59,188,221
PF04266	208,83,66
PF01886	76,180,67
PF03951	67,229,134
PF00120	126,209,102
PF05402	203,165,70
PF03169	108,135,220
PF02867	154,61,213
PF00317	226,108,164
PF02744	82,184,99
PF01087	72,61,189
PF00232	226,139,64
PF00288	95,161,204
PF10509	71,105,203
PF08843	101,85,202
PF12804	169,225,101
PF02654	209,73,98
PF04608	89,207,87
PF01902	221,143,57
PF03186	227,222,63
PF01370	57,202,215
PF00483	218,75,127
PF07760	178,48,146
PF14258	75,183,141
PF01943	193,83,66
PF14667	222,188,78
PF12710	167,78,213
PF05050	104,215,57
PF04464	71,228,72
PF01128	218,188,101
PF05168	80,78,199
PF01954	101,223,115
PF04255	60,87,220
PF14076	213,137,62
PF10049	100,137,220
PF05016	138,76,193
PF18881	117,76,201
PF16363	64,201,168
PF00908	131,223,73
PF04321	53,58,179
PF01593	148,194,68
PF00534	169,77,189
PF03721	220,164,99
PF00984	224,75,211
PF03720	117,89,185
PF09314	195,53,84
PF13439	221,94,120
PF01300	160,79,208
PF03481	168,209,62
PF01637	205,101,144
PF03008	197,88,80
PF00709	64,206,217
PF00994	225,77,196
PF00015	84,225,210
PF01163	156,223,87
PF06819	122,94,214
PF05626	213,100,151
PF18458	53,143,200
PF14464	105,188,57
PF01078	83,85,187
PF00158	188,197,80
PF20436	109,184,59
PF05362	94,228,184
PF18765	79,192,69
PF01994	132,68,188
PF01887	82,209,149
PF20257	210,117,57
PF01467	68,225,173
PF02074	227,173,95
PF07521	55,195,177
PF01402	96,176,202
PF00705	185,200,93
PF01145	173,186,78
PF01957	89,212,92
PF01699	72,184,128
PF01584	108,60,190
PF03705	195,224,86
PF01739	162,91,222
PF01339	175,226,106
PF01627	70,62,182
PF07194	67,121,225
PF02895	188,90,138
PF04509	101,172,225
PF13690	150,99,206
PF03975	51,178,112
PF02743	209,86,178
PF04283	161,90,223
PF05161	112,89,201
PF13660	166,181,56
PF18330	193,92,181
PF09414	166,73,181
PF02585	204,80,195
PF00496	209,67,162
PF08352	188,76,83
PF02449	197,212,66
PF09202	95,58,207
PF13238	113,222,109
PF05343	191,155,56
PF02826	187,52,87
PF01297	115,217,76
PF08438	166,49,194
PF02824	180,188,47
PF02996	199,69,222
PF01775	109,124,228
PF01912	196,196,83
PF01198	64,208,153
PF00832	60,199,128
PF02195	69,103,179
PF18231	93,70,189
PF01920	64,196,224
PF18489	87,129,194
PF21100	83,198,69
PF05221	203,89,121
PF00670	189,70,50
PF21690	156,186,70
PF02985	130,208,101
PF07381	227,66,87
PF08242	197,69,109
PF01917	169,102,218
PF05377	72,226,187
PF04659	200,101,224
PF00437	177,205,74
PF00482	60,150,184
PF00717	228,103,84
PF06510	75,96,183
PF13173	70,226,69
PF02887	187,84,154
PF00224	142,99,202
PF07992	98,196,86
PF02852	53,178,107
PF02492	105,196,75
PF01894	214,164,86
PF02597	156,53,199
PF03454	178,167,55
PF03453	142,219,86
PF01555	184,178,86
PF01385	188,100,68
PF07282	188,58,78
PF04587	117,212,56
PF04407	214,59,198
PF07676	190,204,63
PF00326	185,183,52
PF01470	168,228,112
PF08753	115,82,198
PF01873	171,179,75
PF17855	85,200,220
PF00493	218,135,98
PF17207	81,108,184
PF14551	194,130,54
PF05916	62,222,70
PF03029	193,91,121
PF13614	63,133,201
PF04122	167,101,222
PF01092	159,59,190
PF09883	97,82,190
PF02002	221,99,72
PF04312	81,221,154
PF01751	189,62,107
PF01131	77,60,215
PF01396	156,65,197
PF13380	121,193,77
PF13607	184,61,165
PF19045	148,199,84
PF01784	104,221,121
PF00557	170,100,203
PF01986	110,84,215
PF02535	58,223,69
PF00252	99,194,228
PF01242	93,145,227
PF09190	166,77,188
PF01406	84,190,138
PF01865	76,187,142
PF00795	187,78,208
PF01557	96,124,221
PF04415	213,225,66
PF08240	62,199,125
PF00107	181,76,63
PF17759	68,154,182
PF03484	127,180,65
PF03483	86,229,201
PF01409	62,183,196
PF01982	91,196,106
PF13463	171,99,203
PF01997	197,52,172
PF02150	94,227,180
PF01096	182,75,94
PF02747	226,224,64
PF01177	85,184,107
PF01923	92,204,146
PF04473	211,53,176
PF03956	103,166,211
PF01750	103,229,213
PF01796	218,141,85
PF12172	197,90,129
PF02803	178,154,80
PF00108	82,57,212
PF08541	191,66,108
PF14697	201,82,97
PF01855	83,209,209
PF17147	70,179,173
PF02775	81,180,146
PF02359	179,127,81
PF02933	179,80,60
PF13635	211,76,120
PF06733	182,107,80
PF06777	121,99,211
PF13307	223,97,124
PF00334	203,134,57
PF08915	223,56,165
PF00587	202,102,70
PF01769	129,76,204
PF07650	163,200,73
PF17146	73,145,209
PF02403	99,224,79
PF04252	197,201,100
PF01863	184,87,143
PF10120	195,93,224
PF03551	93,72,224
PF02729	71,216,130
PF00185	64,96,207
PF01948	86,189,226
PF02748	218,66,161
PF00590	66,134,211
PF01861	196,83,140
PF14544	165,66,179
PF00215	177,58,192
PF17832	137,212,83
PF01927	190,223,108
PF15517	189,67,150
PF00465	193,155,74
PF11469	112,225,123
PF21476	186,132,49
PF05559	226,87,165
PF03633	81,59,198
PF03632	64,199,113
PF03636	74,61,205
PF02900	57,214,147
PF01950	223,214,70
PF02511	150,81,216
PF04545	130,218,98
PF14601	179,127,64
PF08617	137,228,76
PF01169	64,224,90
PF13559	71,187,135
PF00730	145,206,100
PF20176	181,139,76
PF04021	96,224,57
PF08279	86,190,138
PF08351	80,103,184
PF05127	53,201,152
PF13718	66,94,191
PF01032	88,189,207
PF03266	93,85,190
PF06677	194,185,91
PF17915	121,83,186
PF02001	79,202,207
PF19300	72,195,81
PF01955	80,81,192
PF03600	187,191,84
PF02566	87,166,205
PF01061	79,142,184
PF02579	178,60,178
PF00582	88,207,116
PF01758	66,112,200
PF06094	207,168,57
PF11537	89,111,222
PF02436	83,203,197
PF00682	188,48,159
PF01074	78,194,213
PF09261	95,203,171
PF07748	216,132,105
PF17677	96,187,91
PF01189	159,70,195
PF17125	179,76,158
PF10397	71,180,66
PF00206	200,84,192
PF01042	52,187,182
PF01613	198,156,87
PF00696	65,110,224
PF00037	92,188,180
PF04068	217,65,177
PF00382	119,87,193
PF08271	198,75,127
PF12679	149,202,90
PF01944	224,83,188
PF09823	96,211,182
PF04411	64,162,190
PF14691	84,209,90
PF10418	85,153,195
PF01455	153,60,192
PF01924	225,104,224
PF08859	180,72,170
PF01458	78,147,227
PF03595	226,201,81
PF12840	85,204,98
PF13247	61,200,137
PF01545	209,75,196
PF16916	60,186,51
PF07503	63,195,115
PF17788	124,228,81
PF13020	98,203,162
PF00176	85,218,228
PF04465	72,115,201
PF06634	129,217,106
PF04033	225,98,176
PF13086	219,55,57
PF13732	210,219,107
PF09658	215,73,92
PF09702	219,109,66
PF00408	227,77,180
PF02880	119,204,91
PF02879	205,92,173
PF02878	226,100,172
PF01050	180,184,70
PF09488	94,98,214
PF09376	84,220,167
PF04423	189,89,49
PF13476	87,182,59
PF05872	60,116,199
PF01935	90,110,199
PF09378	184,76,116
PF01998	89,130,185
PF00282	107,192,224
PF02788	218,90,106
PF00016	168,221,79
PF00361	150,200,71
PF00420	219,187,82
PF04039	61,199,55
PF13244	94,218,86
PF03334	175,84,198
PF04066	64,114,226
PF01899	226,110,224
PF02146	101,213,132
PF10609	75,100,189
PF02548	211,105,158
PF00931	114,88,179
PF18911	180,195,91
PF19077	67,179,140
PF07705	189,202,52
PF04135	147,213,71
PF07541	192,58,120
PF21238	224,71,113
PF20695	71,162,180
PF01977	156,80,215
PF20696	67,220,166
PF01321	101,205,57
PF01244	151,81,194
PF00827	79,93,198
PF01656	217,163,101
PF10007	180,186,49
PF17645	196,135,49
PF03746	203,68,217
PF02682	223,202,108
PF02626	85,207,190
PF04242	198,177,77
PF04981	183,98,91
PF03091	199,99,195
PF00857	194,185,93
PF01594	193,55,80
PF09369	188,48,185
PF09180	164,227,63
PF13207	216,95,102
PF00352	221,124,103
PF01877	65,183,67
PF00579	85,179,159
PF01928	223,65,219
PF02441	78,183,128
PF02457	117,184,89
PF02086	198,60,141
PF01878	228,94,140
PF21269	215,129,54
PF03069	118,73,222
PF00474	55,219,183
PF11755	100,78,219
PF02073	71,203,219
PF07302	228,190,67
PF06675	88,131,181
PF20906	197,172,76
PF06032	187,172,91
PF01980	201,188,85
PF04027	73,183,128
PF01984	70,205,192
PF13601	176,204,57
PF02697	114,113,228
PF02676	53,93,206
PF00348	93,199,141
PF01513	93,180,59
PF20143	214,135,76
PF00742	79,197,196
PF03447	81,188,131
PF01029	88,75,179
PF04024	63,196,199
PF08241	171,64,185
PF01880	113,98,222
PF19583	93,198,135
PF01118	67,207,197
PF02774	205,215,89
PF01717	179,127,76
PF08267	192,71,71
PF02219	207,228,110
PF12225	62,183,220
PF01053	192,63,104
PF14578	173,199,85
PF11987	90,182,131
PF13349	69,100,210
PF01201	117,218,95
PF01866	55,193,186
PF04041	162,87,183
PF08494	221,192,56
PF19306	221,115,91
PF02643	60,121,225
PF01663	216,54,161
PF04930	187,86,89
PF14810	70,133,213
PF14809	81,105,222
PF01702	94,228,155
PF00406	76,129,203
PF10015	183,106,221
PF02830	98,195,82
PF01884	152,208,52
PF03874	207,101,162
PF01157	190,117,84
PF16360	224,109,145
PF13167	226,131,86
PF09999	90,160,222
PF03061	89,76,226
PF21579	183,143,68
PF07969	107,197,84
PF09852	72,144,185
PF08669	202,58,190
PF01571	111,218,103
PF01963	132,224,68
PF08543	209,70,198
PF02581	168,95,226
PF02110	190,71,224
PF02133	95,174,208
PF03070	182,84,85
PF00860	202,201,63
PF02742	219,189,102
PF01325	215,106,191
PF04459	204,85,157
PF19238	201,86,60
PF00150	194,87,132
PF00239	107,176,215
PF02452	174,224,67
PF20984	134,89,221
PF16795	133,221,82
PF01070	100,143,207
PF07670	203,200,73
PF07664	213,62,135
PF17910	217,128,102
PF02421	96,206,187
PF04023	176,86,181
PF01026	124,224,107
PF03437	194,74,101
PF00565	57,191,155
PF00578	104,190,71
PF10417	208,178,61
PF00162	224,104,106
PF01066	216,57,175
PF01842	187,125,64
PF06202	93,167,194
PF14742	189,188,84
PF03367	63,211,76
PF09171	139,220,62
PF09847	185,135,64
PF01497	182,70,190
PF01258	82,205,88
PF02663	61,212,107
PF13636	209,200,59
PF01973	222,132,90
PF09706	229,64,217
PF16861	213,89,226
PF02543	55,114,195
PF01435	199,72,176
PF02897	178,193,54
PF01199	71,212,121
PF13189	212,99,227
PF00850	102,137,214
PF01161	204,120,60
PF21436	127,221,72
PF09891	68,70,219
PF03949	79,215,169
PF00390	129,218,72
PF02615	76,194,87
PF09336	79,188,169
PF21280	154,47,189
PF17179	83,191,82
PF00970	142,226,73
PF00175	62,86,221
PF01058	202,52,54
PF00374	47,186,83
PF08967	88,179,75
PF00375	216,148,99
PF12646	182,157,76
PF01642	101,81,186
PF04010	189,56,222
PF04475	87,203,191
PF02568	55,193,183
PF03673	145,95,191
PF02811	202,84,186
PF00833	205,217,83
PF01597	173,101,207
PF10050	138,75,194
PF06195	100,113,204
PF06858	187,86,165
PF17835	214,177,85
PF01985	182,56,159
PF01090	130,210,102
PF04289	192,60,85
PF01870	194,153,57
PF00432	229,151,95
PF21011	79,88,202
PF10102	176,95,208
PF09874	57,220,166
PF00117	147,200,74
PF00958	86,209,157
PF13416	75,201,190
PF01568	168,65,221
PF00384	88,198,78
PF04879	208,64,220
PF01174	146,53,187
PF05690	215,97,150
PF01680	146,212,74
PF09876	147,69,192
PF13510	65,223,205
PF17806	70,179,116
PF01266	154,70,191
PF13620	194,78,213
PF10633	170,215,56
PF00209	74,191,74
PF06026	100,185,69
PF03587	70,155,182
PF21485	166,60,220
PF01287	122,73,186
PF09210	129,197,65
PF08546	64,60,220
PF02558	212,57,139
PF05124	185,170,81
PF01916	138,188,93
PF00254	182,55,56
PF04013	184,86,213
PF17214	178,54,101
PF16661	67,109,205
PF10996	92,194,148
PF12911	124,219,102
PF06146	226,193,58
PF00752	206,154,93
PF00867	95,77,212
PF20501	201,105,57
PF00662	165,70,206
PF00329	173,226,104
PF00346	93,153,214
PF00146	49,50,181
PF13187	137,107,216
PF04127	158,56,209
PF00294	106,93,229
PF02952	99,200,135
PF18195	219,180,101
PF02934	75,195,99
PF02637	189,73,118
PF05833	218,62,145
PF05670	226,133,100
PF02006	226,99,67
PF03167	194,111,61
PF01261	152,76,212
PF13685	78,228,112
PF03684	205,182,78
PF05746	55,222,141
PF00750	92,205,90
PF03485	203,87,222
PF03465	225,120,74
PF03464	156,217,73
PF03463	221,83,228
PF01900	108,99,222
PF00338	209,61,165
PF03143	95,208,68
PF01246	213,150,95
PF01200	72,226,154
PF01248	64,182,223
PF01694	151,198,73
PF10576	171,218,82
PF20986	63,200,221
PF02537	67,221,150
PF02641	79,147,211
PF04430	204,81,211
PF13938	82,148,199
PF04016	87,192,178
PF00574	181,163,71
PF00343	183,49,121
PF11897	201,113,73
PF01661	149,77,194
PF01180	175,101,228
PF01907	142,216,103
PF01423	211,69,205
PF01602	228,95,97
PF12717	121,191,76
PF19026	84,135,182
PF01849	87,179,153
PF01137	212,191,57
PF12850	204,64,62
PF12698	67,208,223
PF01951	189,61,65
PF01142	159,192,83
PF01981	172,63,217
PF00177	203,157,65
PF00164	60,67,183
PF04998	215,154,67
PF05000	99,204,102
PF04983	198,97,91
PF00623	103,225,194
PF04997	75,190,76
PF04560	208,80,141
PF00562	154,94,212
PF04567	211,81,212
PF04566	83,139,181
PF04565	222,77,186
PF04563	185,134,57
PF01191	187,86,185
PF03725	154,91,186
PF01138	79,219,117
PF15985	211,102,150
PF21266	110,82,192
PF20268	199,65,112
PF09377	229,113,166
PF01172	81,228,112
PF10584	164,221,101
PF04409	188,96,82
PF21180	190,207,61
PF20768	102,62,198
PF04406	226,149,91
PF09239	113,104,209
PF00013	226,78,72
PF01176	168,87,180
PF01343	80,189,193
PF09638	229,82,223
PF01937	81,226,205
PF00293	226,124,68
PF01155	66,74,203
PF04951	170,195,72
PF10066	136,83,179
PF03965	70,134,201
PF00383	220,102,91
PF01255	188,134,50
PF21711	228,157,109
PF00208	192,101,94
PF02812	185,111,76
PF02885	86,139,183
PF00591	110,92,222
PF07831	185,155,82
PF09868	98,100,207
PF04032	149,87,198
PF01139	67,122,186
PF01658	95,204,203
PF01862	63,199,217
PF04009	102,206,117
PF02350	168,193,90
PF04007	101,220,214
PF10437	72,183,48
PF04675	82,188,180
PF01068	216,212,108
PF04679	215,212,92
PF01875	66,181,84
PF00318	67,177,207
PF03952	87,210,135
PF01192	200,171,50
PF01194	166,225,101
PF00380	87,90,224
PF00572	81,210,85
PF17135	226,146,61
PF01000	102,145,222
PF00411	66,221,112
PF01479	89,222,162
PF00416	64,199,51
PF05175	143,183,84
PF16198	149,93,201
PF01509	74,185,48
PF08068	126,52,183
PF01351	117,216,87
PF00950	203,67,149
PF00464	67,159,225
PF01569	194,150,64
PF06695	88,195,97
PF02881	124,208,82
PF00448	192,145,50
PF02594	75,98,211
PF16897	77,88,220
PF07885	72,184,137
PF01906	62,221,78
PF05681	124,186,91
PF05683	199,65,195
PF20974	138,52,200
PF03950	201,185,81
PF00749	190,136,86
PF16653	164,64,209
PF03435	208,218,55
PF03692	73,124,187
PF02978	80,184,196
PF02223	53,202,140
PF00132	181,53,84
PF00808	228,64,116
PF01874	89,226,157
PF01965	141,182,56
PF08608	186,59,131
PF09173	63,171,182
PF18477	71,197,167
PF02653	218,200,102
PF02608	81,191,190
PF08443	200,186,95
PF21344	182,58,159
PF00180	123,178,48
PF00694	122,187,70
PF00330	199,148,53
PF04256	195,168,97
PF18481	118,75,183
PF00782	161,188,89
PF13549	180,80,121
PF13419	74,191,176
PF04410	190,100,61
PF01956	197,127,55
PF00344	229,123,70
PF10559	216,192,102
PF00828	73,209,98
PF00327	102,207,159
PF03719	128,186,67
PF00333	209,56,94
PF17144	195,57,203
PF01280	78,196,88
PF01655	97,137,225
PF00347	209,208,97
PF00410	178,137,79
PF00253	196,130,71
PF00673	149,86,202
PF00281	60,192,114
PF00900	212,61,129
PF08071	83,142,229
PF16906	68,195,78
PF00238	78,228,102
PF00366	202,205,70
PF01868	162,92,191
PF00831	203,187,64
PF00189	207,66,187
PF00237	194,66,82
PF00203	166,57,191
PF03947	101,204,95
PF00181	67,121,225
PF00276	94,154,209
PF00573	208,85,89
PF00297	149,74,217
PF02598	201,192,69
PF04472	55,162,196
PF19276	170,60,205
PF02649	183,151,87
PF07998	88,195,194
PF06418	70,201,83
PF02616	197,119,90
PF02463	75,220,180
PF03788	84,181,190
PF04172	85,89,206
PF02517	104,112,222
PF17856	134,190,84
PF06068	57,197,191
PF00368	90,179,183
PF13561	57,132,181
PF01967	189,111,54
PF08489	81,136,187
PF02386	63,160,194
PF04919	141,229,84
PF00398	92,84,195
PF01941	85,195,105
PF02899	225,140,108
PF02005	200,214,59
PF01247	208,161,82
PF01113	211,76,163
PF07155	200,86,124
PF01035	63,205,196
PF13174	58,203,201
PF08745	157,70,207
PF01918	73,181,153
PF00011	198,91,93
PF03706	195,78,59
PF18947	80,183,59
PF04895	83,191,70
PF04894	69,124,195
PF01922	55,199,168
PF14801	205,137,73
PF08704	89,199,139
PF16199	216,102,93
PF17956	185,147,50
PF13370	79,197,123
PF00919	189,76,84
PF01876	69,60,224
PF01408	184,60,129
PF02894	134,213,71
PF00121	74,185,194
PF01135	83,216,143
PF03553	189,49,148
PF04079	160,64,216
PF08646	219,70,129
PF03911	69,189,176
PF02732	73,82,218
PF21210	72,214,225
PF00459	92,127,195
PF00679	74,74,203
PF03764	120,94,205
PF14492	74,138,207
PF03604	174,72,186
PF01780	81,210,174
PF04123	212,163,88
PF01910	143,77,184
PF00719	91,190,139
PF03876	95,208,83
PF06093	171,221,81
PF04019	158,205,59
PF01282	74,196,162
PF01599	121,53,185
PF10672	103,77,200
PF17785	215,105,144
PF01725	220,93,154
PF04008	135,220,91
PF19022	51,127,184
PF03685	171,80,206
PF13793	73,191,118
PF14572	144,187,85
PF02680	92,202,57
PF14336	195,64,89
PF00935	196,76,94
PF02545	170,180,76
PF00113	109,214,62
PF03104	89,163,207
PF00136	189,117,49
PF18714	146,94,194
PF03853	103,225,201
PF01256	51,59,182
PF13242	75,179,95
PF13344	91,119,200
PF18072	50,181,76
PF13507	100,67,205
PF02700	154,181,88
PF06560	110,227,154
PF01813	217,105,124
PF00006	98,220,134
PF02874	92,190,120
PF16886	214,143,70
PF01990	208,93,73
PF01992	47,183,163
PF01991	107,215,54
PF00137	47,79,185
PF01496	103,55,208
PF02355	94,98,192
PF07549	210,87,108
PF00814	227,101,153
PF02675	102,217,164
PF10096	181,155,72
PF21478	227,204,97
PF02347	218,58,98
PF00692	177,66,216
PF00428	53,183,142
PF17777	174,84,222
PF00466	152,185,64
PF12146	166,63,188
PF00246	205,79,156
PF01476	217,205,108
PF05569	183,53,55
PF09989	60,225,219
PF13353	138,188,88
PF08448	96,223,83
PF13443	93,220,217
PF11167	212,107,83
PF09579	86,218,92
PF00830	228,203,82
PF03780	228,164,108
PF02734	55,190,53
PF21645	196,201,98
PF13684	206,218,102
PF03320	158,50,197
PF00494	212,169,101
PF00480	198,52,119
PF02685	85,204,54
PF00370	213,101,161
PF02782	92,134,219
PF01553	93,73,227
PF04397	211,94,95
PF14501	58,194,167
PF02784	102,216,108
PF13193	132,90,189
PF01478	207,91,219
PF14535	140,205,64
PF01168	175,193,94
PF00842	91,201,100
PF20394	62,116,208
PF04468	91,163,185
PF13177	68,92,216
PF03711	178,110,56
PF01276	99,76,223
PF16403	60,129,224
PF03734	84,217,124
PF19907	218,95,208
PF13249	88,155,201
PF13243	136,224,87
PF11946	47,182,100
PF04551	108,59,202
PF13292	98,221,214
PF02779	101,211,176
PF02780	72,98,217
PF13560	61,135,203
PF19621	93,115,221
PF19546	136,216,66
PF09719	206,135,85
PF02687	178,84,207
PF00027	190,88,109
PF01434	179,64,158
PF06480	220,120,106
PF10021	82,191,61
PF02036	180,186,73
PF02515	79,105,203
PF02771	168,202,98
PF02770	164,202,85
PF00441	195,196,49
PF02538	84,183,147
PF01968	133,179,75
PF05378	84,80,204
PF01595	228,109,194
PF03471	202,218,106
PF00082	192,66,163
PF18204	130,93,206
PF02633	91,209,192
PF19118	184,161,49
PF00561	129,186,47
PF04367	66,91,229
PF14805	214,69,128
PF00289	218,155,106
PF02786	201,99,142
PF02785	213,94,222
PF03328	227,112,215
PF01575	219,123,106
PF03073	225,113,90
PF01521	210,180,74
PF05222	200,79,88
PF01262	61,83,214
PF12769	72,164,215
PF02233	69,206,77
PF16156	102,197,208
PF01797	204,171,98
PF00581	178,88,104
PF06550	59,203,136
PF09996	61,187,228
PF13482	187,87,51
PF09186	117,210,56
PF01205	48,180,98
PF02464	63,59,190
PF00268	99,202,206
PF00141	158,198,83
PF12704	225,189,106
PF00909	130,209,91
PF02423	228,72,120
PF13417	198,55,106
PF01625	198,166,68
PF07859	126,215,100
PF20473	206,99,177
PF07927	197,179,91
PF00355	80,188,116
PF13450	86,221,101
PF04306	195,221,104
PF04186	89,211,84
PF13263	180,73,138
PF13520	96,215,184
PF19590	68,216,154
PF00462	91,114,227
PF01722	72,223,60
PF19094	179,114,74
PF19288	83,190,116
PF12849	169,68,194
PF00732	98,227,106
PF05199	97,210,68
PF10518	195,80,121
PF03214	181,49,183
PF03109	130,208,62
PF18446	199,75,122
PF13462	221,134,86
PF02600	64,189,133
PF01641	86,95,186
PF03773	78,178,200
PF00122	56,178,213
PF03625	180,206,86
PF09851	89,96,224
PF03916	112,62,207
PF16947	94,211,155
PF00403	66,142,222
PF08394	59,88,228
PF01047	56,91,194
PF04244	185,84,215
PF02913	72,190,166
PF01565	181,208,57
PF18780	91,106,225
PF14337	66,186,79
PF00106	202,154,73
PF17231	54,139,214
PF01609	225,63,173
PF00762	47,184,171
PF10415	222,168,75
PF19137	114,205,95
PF00543	133,52,202
PF00697	191,79,207
PF04715	85,67,181
PF00425	73,124,199
PF08502	54,195,85
PF02776	78,139,212
PF00205	80,192,82
PF10369	91,117,197
PF07991	199,103,68
PF01450	105,78,219
PF14342	81,182,214
PF00884	63,74,193
PF01293	196,211,64
PF02586	62,110,218
PF08696	206,80,75
PF01206	93,106,201
PF04143	133,223,70
PF13641	119,83,209
PF13578	51,82,188
PF00285	171,69,218
PF18913	88,195,183
PF00316	109,92,185
PF01208	138,178,55
PF11867	189,209,64
PF18766	82,205,178
PF04313	90,216,123
PF01420	73,181,187
PF02384	93,226,206
PF12161	186,82,121
PF12158	224,60,140
PF07441	72,195,72
PF13091	179,182,86
PF00115	163,93,218
PF00116	213,86,91
PF04967	79,182,80
PF04982	55,199,97
PF07732	128,101,205
PF10006	164,77,185
PF00171	57,82,181
PF01425	221,168,102
PF00210	99,92,194
PF04471	56,90,203
PF05960	96,118,199
PF13508	223,70,160
PF04893	229,80,86
PF09520	180,228,77
PF19098	217,165,63
PF00204	61,137,182
PF00986	60,157,207
PF00521	190,99,229
PF03989	207,197,94
PF07826	87,215,114
PF20979	90,218,88
PF00764	140,77,188
PF13840	221,110,58
PF03683	78,104,208
PF19148	121,219,65
PF07508	211,163,57
PF19502	57,58,182
PF13191	226,109,215
PF09254	66,212,190
PF07187	98,197,170
PF00127	80,99,204
PF07681	213,176,79
PF05729	212,175,100
PF01638	131,220,96
PF12705	218,86,120
PF00903	61,121,217
PF01728	114,187,72
PF13240	99,220,142
PF09685	160,179,89
PF00111	137,198,82
PF02787	178,169,82
PF02142	190,51,134
PF03699	133,208,103
PF01487	209,161,85
PF01959	69,198,101
PF08706	103,191,87
PF19263	226,220,64
PF06314	67,187,116
PF01983	165,68,213
PF04199	184,200,82
PF00342	46,185,186
PF09844	98,64,218
PF13610	218,62,190
PF13646	167,96,197
PF01106	189,102,49
PF03190	215,72,210
PF18158	108,192,218
PF00926	120,216,59
PF03364	197,88,104
PF19810	149,179,75
PF19099	87,192,134
PF20068	193,186,71
PF09846	214,117,61
PF09845	119,182,65
PF20126	49,179,73
PF00188	86,148,215
PF00977	134,227,80
PF00440	158,202,52
PF13977	95,58,202
PF13576	226,181,70
PF20766	52,169,205
PF01634	224,152,91
PF08029	173,200,96
PF06966	191,70,211
PF08442	209,180,70
PF00549	182,137,61
PF02629	189,69,124
PF13184	205,63,221
PF18480	176,194,82
PF11848	131,68,183
PF13291	214,223,103
PF01253	194,152,55
PF07790	198,164,94
PF14602	66,197,84
PF03444	80,212,215
PF13426	98,64,197
PF08447	91,161,183
PF08663	60,214,53
PF04402	79,203,192
PF03547	83,225,201
PF02875	196,60,76
PF08245	95,118,217
PF01808	102,191,65
PF01515	204,63,161
PF00488	87,101,207
PF00677	132,102,206
PF10028	217,94,76
PF12643	188,182,62
PF00902	164,214,59
PF07819	208,87,133
PF07853	191,90,162
PF13630	134,56,193
PF13714	130,60,181
PF02686	81,210,73
PF14791	216,98,137
PF14716	65,151,214
PF19101	191,91,104
PF01428	83,135,219
PF13742	203,78,181
PF02601	156,183,60
PF10070	83,213,206
PF02609	223,146,102
PF04038	74,187,211
PF13166	65,180,67
PF14748	71,80,221
PF03807	101,220,175
PF00393	222,101,205
PF03446	79,226,150
PF17647	199,192,85
PF05154	195,56,127
PF13248	114,228,112
PF05573	152,195,79
PF01810	88,202,95
PF00085	53,211,133
PF04134	84,189,207
PF12724	57,208,99
PF07995	78,197,112
PF02630	221,60,167
PF00989	70,161,197
PF03055	204,56,147
PF08676	225,171,104
PF01119	205,55,188
PF13589	76,164,191
PF05192	106,222,82
PF05188	176,187,89
PF01624	106,72,189
PF04892	213,102,208
PF20463	70,197,110
PF02153	209,224,99
PF19115	191,84,210
PF04952	136,188,53
PF04240	85,161,178
PF02621	122,96,197
PF02666	55,220,178
PF01025	96,189,51
PF00012	76,194,142
PF00226	66,217,163
PF01556	96,137,218
PF01063	102,98,203
PF00290	207,170,81
PF00218	229,111,221
PF04087	176,212,73
PF14947	147,191,92
PF07581	221,212,106
PF01933	171,209,103
PF15515	184,142,49
PF16900	81,63,201
PF11563	92,185,198
PF01127	121,184,53
PF13085	216,57,132
PF13183	88,180,124
PF00198	179,77,219
PF02817	127,86,206
PF00885	193,69,222
PF06847	100,219,85
PF01502	204,101,137
PF00490	118,229,66
PF19122	100,213,71
PF00324	223,179,106
PF17769	211,68,81
PF19609	194,64,157
PF02602	162,202,89
PF03900	67,224,160
PF01379	218,61,226
PF01872	57,202,209
PF05742	69,228,179
PF13456	74,228,100
PF00551	126,105,222
PF01036	190,210,70
PF12773	219,119,73
PF01590	180,64,153
PF09858	108,205,74
PF13740	184,79,80
PF01226	81,186,186
PF07311	58,189,141
PF03972	102,206,192
PF19305	82,115,197
PF02416	227,120,88
PF18859	226,158,92
PF01329	88,222,63
PF13194	197,61,129
PF02308	189,201,79
PF00081	87,137,227
PF02777	76,90,191
PF18079	180,59,58
PF04493	227,106,142
PF04577	64,190,78
PF02348	221,105,103
PF17836	228,84,194
PF01041	197,57,122
PF02683	61,203,65
PF08534	215,207,98
PF15960	89,192,96
PF13365	138,92,205
PF13180	222,109,156
PF20470	203,115,78
PF07747	95,204,104
PF13378	88,188,203
PF02746	123,182,56
PF11127	95,212,159
PF02754	186,71,148
PF03476	48,84,187
PF17909	157,225,66
PF07683	167,184,76
PF13738	73,187,53
PF00096	190,103,90
PF13894	204,182,78
PF01891	87,70,216
PF12900	151,68,208
PF03703	132,55,189
PF02374	104,60,181
PF00313	85,222,124
PF03966	91,190,106
PF03441	207,115,78
PF00875	61,215,121
PF08774	124,182,87
PF06559	58,184,192
PF15461	189,80,173
PF09274	182,62,139
PF13500	62,110,213
PF07085	78,189,63
PF20565	155,100,211
PF00800	133,218,97
PF00275	207,85,157
PF05173	98,202,132
PF01678	206,76,149
PF13386	183,206,55
PF05048	63,214,64
PF04238	76,192,142
PF00510	209,110,88
PF03626	59,86,189
PF11255	106,185,47
PF13519	148,66,211
PF07584	82,208,52
PF03007	213,155,105
PF06974	54,184,125
PF04018	78,128,216
PF00089	172,66,219
PF19096	84,159,189
PF01264	225,167,103
PF16177	186,61,182
PF00507	76,224,150
PF02679	200,67,196
PF00499	204,75,208
PF19295	105,218,177
PF01592	66,138,197
PF04107	188,182,62
PF09084	188,56,119
PF18754	226,58,121
PF03460	80,112,195
PF01077	149,227,112
PF01903	121,59,207
PF18069	75,154,207
PF18009	177,104,219
PF00805	74,180,199
PF08707	89,212,108
PF04820	191,81,132
PF06415	91,228,154
PF09826	60,186,201
PF14437	136,215,92
PF05854	103,95,196
PF19119	190,101,210
PF08402	154,96,217
PF05090	112,85,229
PF13588	195,105,87
PF06941	87,212,137
PF01432	103,217,119
PF08439	182,153,75
PF13474	173,86,190
PF04250	197,109,224
PF19656	79,147,206
PF07411	121,223,93
PF01653	215,97,100
PF03120	52,146,201
PF12826	88,208,210
PF00533	66,185,58
PF13937	74,221,121
PF15915	207,157,74
PF04191	187,55,142
PF05990	52,199,83
PF12832	129,69,210
PF00815	173,194,85
PF16999	213,167,100
PF02866	219,132,70
PF00056	97,229,141
PF07934	226,58,107
PF19304	182,228,83
PF00689	69,207,56
PF00690	153,193,78
PF01996	208,115,102
PF19146	214,132,86
PF04434	217,153,72
PF02089	228,98,150
PF13664	63,179,120
PF01503	208,111,80
PF01667	181,98,63
PF02577	85,207,91
PF19294	140,219,100
PF13570	93,119,191
PF05853	74,153,200
PF01493	168,73,212
PF01645	142,187,51
PF04898	68,226,216
PF00310	82,224,140
PF05425	77,110,202
PF01893	75,122,227
PF02261	68,91,219
PF00763	87,216,110
PF02882	77,124,194
PF00687	83,109,213
PF05342	203,99,191
PF14158	87,199,185
PF00773	200,85,82
PF12831	156,51,190
PF21800	162,82,222
PF13279	114,226,80
PF03992	87,98,183
PF06778	197,80,222
PF14698	81,101,193
PF02661	207,77,215
PF05165	173,179,86
PF10040	223,139,106
PF18320	53,204,115
PF13414	210,102,214
PF13431	173,97,199
PF13809	127,113,228
PF00745	59,137,185
PF01488	224,139,110
PF05201	68,178,226
PF19138	179,49,81
PF09920	88,200,162
PF04029	207,221,70
PF01636	148,65,211
PF00160	220,101,137
PF16502	202,184,74
PF13563	86,208,75
PF13603	215,116,83
PF00174	184,77,201
PF03404	134,86,190
PF04293	192,63,154
PF04285	228,205,100
PF06798	71,95,219
PF08298	215,102,78
PF00092	211,116,67
PF18317	195,62,53
PF08501	228,63,134
PF21473	45,142,178
PF19646	188,179,75
PF00296	83,205,155
PF19120	216,81,214
PF18000	83,67,222
PF02381	68,135,217
PF13409	185,143,84
PF13410	112,86,184
PF00988	88,182,120
PF04034	86,218,116
PF01020	205,75,114
PF00475	157,197,86
PF02353	94,183,69
PF02541	70,222,190
PF04417	213,102,99
PF04977	110,225,114
PF06737	99,208,139
PF00067	181,156,64
PF03259	222,189,84
PF11991	147,202,67
PF01212	53,86,210
PF20087	90,99,203
PF13624	150,98,217
PF03372	102,56,215
PF04342	152,228,74
PF03745	223,196,107
PF02911	59,110,207
PF02618	220,220,82
PF00079	187,79,90
PF01327	121,206,80
PF01578	79,208,138
PF03747	115,189,69
PF06276	154,185,59
PF04183	185,58,178
PF13434	100,191,218
PF13523	76,193,178
PF05013	57,226,185
PF17391	174,108,225
PF01175	66,200,63
PF17392	91,201,202
PF02283	89,200,186
PF03781	104,88,224
PF17286	202,129,80
PF06325	198,208,67
PF13471	100,202,67
PF02580	206,83,153
PF01283	67,48,187
PF15632	207,147,98
PF21360	103,180,209
PF10079	193,81,124
PF02965	69,206,195
PF02607	69,65,183
PF02574	175,180,68
PF00939	59,181,120
PF03358	216,179,97
PF13847	159,91,185
PF02148	115,92,196
PF00211	75,115,212
PF16472	91,69,191
PF01028	60,145,226
PF02919	164,214,57
PF10017	72,182,153
PF01817	50,111,184
PF13673	146,46,186
PF20364	210,161,76
PF13340	144,76,223
PF13440	189,69,193
PF05922	187,177,57
PF02494	142,86,178
PF17963	96,104,219
PF18551	54,191,73
PF02628	89,54,183
PF01154	179,67,86
PF08540	55,211,167
PF01209	57,179,106
PF04455	51,183,133
PF21571	208,170,83
PF21570	197,90,203
PF09335	221,103,80
PF18689	80,179,96
PF00353	209,72,100
PF01094	156,62,192
PF01243	148,86,193
PF00515	205,138,67
PF10061	138,212,100
PF13473	164,107,221
PF13453	104,219,202
PF05019	51,176,197
PF01814	107,222,176
PF14518	188,54,78
PF15140	107,220,68
PF01812	206,167,91
PF21783	201,72,129
PF00230	91,134,193
PF21320	126,87,219
PF04896	59,130,213
PF01958	157,63,187
PF13031	72,201,87
PF01227	107,222,138
PF07728	111,227,124
PF00923	206,108,84
PF00456	197,57,99
PF14470	196,159,97
PF08761	81,185,159
PF01400	167,92,214
PF01471	86,115,200
PF00656	96,209,222
PF01738	161,190,73
PF04239	99,204,197
PF07731	91,199,154
PF17900	126,84,219
PF01433	210,171,66
PF01223	79,55,207
PF20628	103,214,117
PF03458	122,191,94
PF13432	171,67,181
PF04744	77,104,222
PF12367	179,58,189
PF12942	217,103,97
PF13371	57,198,196
PF13672	93,65,214
PF03241	112,213,229
PF11794	220,198,99
PF08378	169,195,67
PF04362	192,163,66
PF00756	225,96,184
PF04101	190,75,80
PF09630	115,99,224
PF11746	90,158,210
PF02156	223,209,94
PF13385	204,178,99
PF06271	94,49,186
PF20254	190,74,130
PF19580	213,96,127
PF00413	207,100,140
PF17159	81,218,79
PF10282	196,191,75
PF04182	197,171,79
PF00032	83,182,190
PF00033	82,198,137
PF13558	202,160,92
PF02635	99,206,138
PF14833	74,133,184
PF17170	89,147,223
PF01436	79,147,193
PF09489	134,75,214
PF09490	179,184,75
PF04234	178,100,60
PF06736	194,60,186
PF10604	212,225,75
PF06983	124,215,103
PF07237	114,87,205
PF03729	102,94,194
PF07366	212,54,110
PF14534	87,116,212
PF08327	78,201,155
PF06348	146,89,211
PF10517	180,217,96
PF17991	174,49,194
PF16884	214,100,130
PF06150	144,210,73
PF02656	77,98,206
PF03022	197,192,83
PF14417	68,211,185
PF02694	214,110,225
PF01734	91,215,215
PF07452	215,161,99
PF03239	190,53,63
PF04012	64,186,87
PF00754	191,81,156
PF14588	153,80,211
PF01774	88,183,103
PF01730	66,190,124
PF02814	219,75,181
PF00449	190,79,123
PF00699	165,206,56
PF00547	180,86,133
PF03253	182,61,117
PF17762	181,60,88
PF05534	204,70,172
PF18933	185,143,54
PF13246	195,179,94
PF17767	129,197,52
PF17805	86,193,158
PF08819	111,183,223
PF00933	190,53,61
PF01915	143,104,216
PF14310	102,88,205
PF20181	129,212,60
PF09557	181,54,133
PF10957	225,93,187
PF04945	132,81,202
PF14870	93,153,189
PF06475	170,77,189
PF09360	149,69,185
PF05726	84,196,95
PF02678	92,179,51
PF04042	199,90,73
PF18822	57,210,161
PF20469	209,91,189
PF13175	114,104,225
PF13289	204,123,64
PF09250	176,220,74
PF21262	68,206,123
PF13369	62,204,228
PF14306	202,218,97
PF01747	210,58,222
PF18930	101,203,106
PF02390	59,163,219
PF14894	90,77,195
PF00300	196,134,51
PF13328	95,199,98
PF03357	155,72,198
PF01391	187,89,150
PF07784	59,200,188
PF13205	149,182,85
PF16203	87,149,215
PF01344	59,186,91
PF13964	130,50,189
PF00030	211,97,191
PF13418	223,162,77
PF03083	224,89,161
PF05974	82,71,190
PF19459	198,228,114
PF02230	99,120,227
PF17886	219,75,124
PF08386	190,88,50
PF05368	203,180,96
PF10117	56,195,173
PF14824	183,123,60
PF13241	51,157,194
PF06172	191,78,97
PF01596	166,78,217
PF00190	61,196,193
PF10502	82,92,219
PF02624	203,66,101
PF07812	62,202,88
PF04758	195,59,123
PF06912	70,182,113
PF00394	201,207,71
PF00520	225,168,89
PF02239	105,123,218
PF04343	162,187,68
PF03200	87,215,218
PF00891	192,79,116
PF16864	207,52,97
PF04685	83,46,183
PF13489	161,65,226
PF04208	218,133,102
PF00438	76,72,213
PF02772	73,224,93
PF02773	80,184,217
PF01888	225,67,86
PF11760	150,61,204
PF11761	70,186,61
PF01890	174,90,191
PF02570	84,81,212
PF07685	80,216,64
PF08459	212,70,56
PF02151	58,116,182
PF17755	183,78,179
PF17760	71,98,214
PF12344	122,77,187
PF17757	114,178,77
PF18046	196,149,63
PF18297	78,193,140
PF01969	174,66,214
PF02789	203,125,68
PF00883	211,129,57
PF13602	187,88,130
PF18929	61,214,136
PF11387	181,54,117
PF20554	59,205,187
PF12680	156,192,91
PF13616	194,49,163
PF07485	59,66,221
PF01551	184,75,109
PF19279	108,222,214
PF00781	74,156,211
PF07088	226,85,141
PF13632	96,112,212
PF02245	202,198,78
PF09843	180,79,189
PF04126	114,190,86
PF18998	183,148,67
PF10143	93,227,149
PF03297	121,75,183
PF09969	200,101,82
PF02796	198,54,107
PF06968	197,129,63
PF02645	226,225,100
PF01746	198,63,201
PF07875	215,171,63
PF00395	145,52,205
PF06971	103,104,219
PF04542	201,153,55
PF03419	193,82,208
PF11193	221,72,137
PF19462	74,181,71
PF02567	90,115,198
PF07228	50,187,190
PF04226	68,226,222
PF13458	119,209,57
PF12399	200,210,99
PF02673	213,208,75
PF13491	216,172,77
PF17854	98,95,214
PF01580	65,93,223
PF09397	186,226,80
PF01268	57,170,189
PF18693	184,111,47
PF03486	164,81,207
PF02224	84,179,116
PF02401	192,67,109
PF01330	92,193,65
PF07499	226,105,196
PF05496	195,194,95
PF17864	73,154,179
PF05491	182,81,60
PF05164	196,180,93
PF12796	85,156,228
PF14903	212,83,158
PF14403	210,118,66
PF05227	73,182,132
PF06616	97,211,204
PF07669	194,224,75
PF04168	96,103,200
PF03621	215,67,81
PF21036	183,183,80
PF06722	84,70,182
PF08545	159,193,65
PF05711	217,58,72
PF19465	120,56,191
PF08421	204,128,74
PF08484	212,162,61
PF11638	103,209,149
PF00308	133,183,65
PF08299	59,59,209
PF00712	51,148,186
PF02767	96,99,211
PF02768	74,193,80
PF13275	194,62,187
PF12732	209,104,177
PF01740	204,124,63
PF13581	104,196,71
PF04539	111,180,69
PF02829	90,201,70
PF05552	81,197,147
PF21088	205,86,172
PF12169	82,129,198
PF02575	94,194,105
PF06925	93,143,192
PF05848	213,98,83
PF17727	194,90,128
PF00217	204,199,51
PF02861	211,175,77
PF17871	203,136,69
PF07724	203,198,96
PF10431	49,185,64
PF18073	175,197,65
PF13541	199,93,58
PF10635	137,209,60
PF04616	207,99,84
PF17851	123,88,211
PF13347	170,90,186
PF04198	182,51,86
PF00676	200,108,220
PF00874	136,181,69
PF03610	60,172,179
PF00359	89,184,90
PF02302	179,59,95
PF03611	107,139,215
PF02542	94,129,213
PF00636	66,228,175
PF00303	190,60,110
PF00186	103,122,221
PF18185	211,182,97
PF01964	200,65,169
PF08032	229,170,86
PF00588	160,80,196
PF05991	187,81,184
PF00471	65,225,168
PF02357	160,189,88
PF16320	220,57,156
PF00542	172,57,191
PF04561	78,192,149
PF10385	182,74,134
PF17136	222,199,62
PF00861	55,100,221
PF00444	52,205,86
PF00163	215,57,187
PF03118	120,205,91
PF01196	122,94,205
PF01520	84,198,75
PF19293	227,168,72
PF07949	210,176,87
PF00871	72,186,219
PF08680	183,73,129
PF08486	84,204,125
PF12116	207,101,59
PF07977	47,177,185
PF06866	83,127,197
PF14490	88,182,170
PF18335	75,211,71
PF13538	194,89,177
PF18912	222,83,107
PF05043	209,62,153
PF02255	221,175,87
PF02378	182,68,80
PF07355	61,119,206
PF03932	89,191,78
PF02482	181,116,71
PF16321	229,70,203
PF03462	55,132,200
PF00472	131,222,63
PF09371	102,169,222
PF16921	124,213,81
PF12836	222,141,83
PF17674	145,224,85
PF13475	55,118,203
PF02367	183,75,140
PF18671	147,206,56
PF18524	157,204,73
PF16326	50,197,166
PF12848	180,81,198
PF09587	215,59,144
PF03063	228,92,63
PF18267	71,182,149
PF21398	59,102,187
PF08239	209,95,95
PF00877	167,225,84
PF03601	138,89,191
PF13396	60,225,69
PF00166	216,173,101
PF00990	210,222,77
PF00563	219,156,106
PF08013	141,206,99
PF01464	109,208,97
PF03885	143,81,205
PF01052	70,157,183
PF04316	134,60,221
PF05130	225,89,204
PF00460	78,147,225
PF06429	203,96,206
PF00669	73,222,91
PF02623	93,184,193
PF02599	209,61,197
PF02561	186,87,171
PF02465	81,81,186
PF07196	218,127,83
PF07195	180,72,141
PF05400	84,114,179
PF00700	211,56,152
PF13712	204,73,110
PF02388	161,211,80
PF13535	125,87,205
PF05523	146,82,178
PF02049	201,82,212
PF01514	62,188,90
PF08345	214,84,163
PF14842	186,53,73
PF14841	100,171,220
PF01706	59,206,114
PF02108	208,190,67
PF18269	182,79,221
PF02050	54,100,195
PF02120	190,117,69
PF03963	222,65,213
PF06289	119,59,196
PF01618	214,74,220
PF13677	199,77,135
PF00691	75,190,112
PF03748	191,74,170
PF00813	188,160,79
PF01313	105,76,226
PF01311	219,75,165
PF01312	161,68,228
PF00771	147,84,218
PF02154	115,195,76
PF00183	91,173,199
PF20903	100,226,143
PF14526	86,185,160
PF12663	90,223,84
PF03830	210,84,223
PF03609	195,172,70
PF03613	198,164,64
PF14196	58,212,134
PF04015	162,82,187
PF13407	104,138,224
PF07090	64,224,131
PF14278	190,81,219
PF18937	180,63,104
PF12730	217,57,184
PF12728	202,63,175
PF02553	186,87,222
PF00580	54,192,56
PF13361	183,161,75
PF21196	104,188,58
PF02127	107,221,55
PF02833	90,80,180
PF14689	203,164,69
PF13569	198,217,70
PF18991	172,80,200
PF04607	77,214,214
PF13679	55,79,186
PF00367	92,229,113
PF00358	208,92,107
PF03123	57,187,191
PF02954	200,54,77
PF01116	184,83,214
PF08921	221,64,165
PF12323	221,85,207
PF00849	182,68,166
PF14020	195,48,84
PF13333	179,86,208
PF00665	209,52,128
PF13276	204,69,187
PF13518	209,145,103
PF19328	95,65,201
PF16552	102,127,209
PF09043	71,211,53
PF16554	201,65,178
PF13941	203,97,203
PF06445	52,202,202
PF00905	82,196,153
PF01418	68,171,200
PF00893	78,220,194
PF07554	210,167,80
PF07943	86,99,182
PF00768	218,100,60
PF06738	91,203,104
PF12821	100,199,218
PF13493	111,64,220
PF03806	103,52,181
PF07687	95,228,134
PF11299	65,155,220
PF13280	81,200,62
PF12729	85,210,103
PF13739	79,106,198
PF11738	66,193,85
PF06161	209,182,75
PF17126	169,222,98
PF00485	189,62,217
PF13534	135,65,203
PF05866	74,187,151
PF08331	100,171,206
PF13484	191,85,66
PF20437	124,63,187
PF13654	94,193,228
PF21778	104,228,182
PF08812	180,143,70
PF04286	182,54,47
PF12784	180,66,75
PF17932	134,184,76
PF19605	208,88,145
PF11922	180,50,79
PF11007	80,185,174
PF12652	102,94,191
PF05067	208,184,56
PF02870	78,202,177
PF12675	195,80,209
PF04229	188,74,115
PF13411	195,55,207
PF11148	196,67,70
PF07872	145,59,209
PF08765	188,62,182
PF09524	93,200,86
PF00772	75,203,87
PF03796	82,178,115
PF12801	89,50,182
PF08713	183,56,51
PF12952	93,221,75
PF13346	218,61,159
PF08281	69,124,185
PF12918	151,221,108
PF12919	222,214,92
PF11713	144,73,223
PF12920	183,77,62
PF01473	185,176,51
PF19127	91,222,211
PF05105	148,206,53
PF11731	62,132,194
PF16481	72,228,131
PF05198	210,101,148
PF00707	58,195,188
PF01632	202,83,64
PF00453	180,145,59
PF02912	145,183,72
PF03147	194,126,86
PF01136	199,79,187
PF12392	80,185,212
PF00497	89,209,73
PF20297	77,57,222
PF01713	228,57,76
PF04463	165,74,191
PF13311	76,215,184
PF07719	206,127,103
PF04961	78,183,149
PF03599	189,76,144
PF18537	89,189,77
PF03598	214,86,107
PF19436	217,91,144
PF17650	219,160,86
PF17651	89,229,128
PF14574	226,199,90
PF10133	87,190,211
PF12953	215,127,93
PF14133	147,54,185
PF04346	88,213,205
PF00455	221,74,79
PF20560	53,52,196
PF07963	72,63,229
PF18223	64,208,164
PF03880	208,108,59
PF06923	79,103,182
PF03608	91,84,199
PF03612	184,64,72
PF07663	182,153,46
PF03829	86,187,159
PF03862	202,156,91
PF07451	137,193,77
PF00912	75,124,185
PF09560	179,49,64
PF05580	212,76,162
PF07314	124,59,197
PF04071	98,190,56
PF20772	59,87,185
PF01709	63,192,135
PF02447	62,52,197
PF21349	84,186,171
PF01475	80,215,85
PF06397	80,181,187
PF00301	87,146,191
PF19848	170,97,199
PF19677	88,185,85
PF03188	186,168,63
PF02056	181,147,67
PF11975	226,228,100
PF12727	70,200,103
PF12464	181,74,175
PF04392	160,197,79
PF02906	49,185,123
PF20092	204,58,179
PF08903	101,199,211
PF20921	138,75,183
PF11798	165,98,211
PF04069	66,180,73
PF19558	205,81,176
PF06245	60,208,196
PF04073	180,56,202
PF17783	86,103,183
PF13509	200,165,85
PF07702	88,110,211
PF01182	119,80,202
PF09359	193,186,60
PF16316	105,221,141
PF08757	80,87,193
PF03170	150,191,52
PF01832	208,176,60
PF21465	187,218,96
PF21445	55,108,187
PF12320	92,125,216
PF04245	193,76,64
PF05979	78,205,163
PF14512	62,195,204
PF16822	227,130,72
PF03062	198,80,106
PF02739	65,181,209
PF01367	56,109,190
PF01612	135,194,73
PF00476	190,78,165
PF01121	154,180,60
PF20582	68,153,188
PF04002	90,193,78
PF04085	61,218,65
PF04093	112,175,226
PF03717	217,132,97
PF03775	197,89,102
PF03776	163,83,202
PF01098	66,180,94
PF19864	208,64,193
PF10105	91,181,75
PF09861	54,111,181
PF21113	105,182,217
PF05636	74,158,207
PF02620	100,196,217
PF01783	88,52,206
PF02504	180,52,177
PF03060	107,218,117
PF00698	84,197,103
PF00109	218,192,74
PF02801	150,224,64
PF12637	58,183,181
PF07722	64,224,208
PF06874	107,155,229
PF19568	197,70,126
PF09548	56,164,217
PF06686	120,184,46
PF09546	160,193,70
PF09581	200,214,58
PF12685	101,157,219
PF02681	206,217,60
PF08769	202,200,57
PF04263	158,188,73
PF12555	200,54,203
PF11382	80,219,68
PF12982	181,88,164
PF16325	99,207,84
PF03413	185,71,102
PF08207	86,202,209
PF01132	63,224,156
PF09285	220,217,57
PF14622	112,208,81
PF00035	164,207,57
PF04297	192,60,167
PF00886	79,183,118
PF13083	64,181,132
PF01782	165,109,224
PF01245	192,67,51
PF05525	183,82,177
PF21095	90,89,191
PF02559	93,190,121
PF00196	92,157,199
PF07730	63,182,136
PF02021	189,222,67
PF13335	225,69,89
PF02481	209,55,149
PF06018	225,189,105
PF08222	187,181,53
PF16193	156,74,188
PF12002	193,59,159
PF12746	109,184,88
PF06135	182,183,86
PF03652	55,188,178
PF06949	75,79,189
PF17770	96,218,91
PF09391	203,220,88
PF14808	173,195,83
PF14480	208,205,99
PF11490	203,60,183
PF00929	127,101,209
PF07733	140,219,60
PF17657	77,113,183
PF14579	107,218,92
PF02576	223,123,88
PF17384	171,69,220
PF08529	182,102,210
PF04296	152,221,75
PF04760	183,172,80
PF02033	180,206,57
PF06574	152,75,208
PF01687	78,182,229
PF03726	97,105,212
PF01522	94,164,198
PF00675	124,70,180
PF05193	70,78,185
PF00154	212,125,62
PF21096	139,84,185
PF12072	99,190,207
PF08006	78,167,205
PF12671	54,145,195
PF00639	210,59,149
PF20765	221,193,67
PF04984	57,203,97
PF17482	142,94,192
PF09393	90,202,129
PF08890	189,80,130
PF21821	128,194,70
PF10844	161,181,58
PF10934	63,176,200
PF04865	131,217,91
PF10076	185,226,94
PF12571	86,199,70
PF00415	212,196,103
PF13540	62,225,192
PF12844	58,179,88
PF05684	143,76,216
PF02129	185,214,106
PF08530	100,186,77
PF02016	135,193,85
PF17676	89,123,223
PF12983	216,120,90
PF03009	90,134,226
PF00668	110,84,180
PF13539	144,84,190
PF07478	54,146,190
PF01820	64,196,221
PF18146	182,55,92
PF00882	84,205,138
PF04657	202,205,60
PF01693	87,157,213
PF00075	69,174,191
PF00704	104,185,87
PF12229	228,78,76
PF04294	73,188,120
PF07501	107,216,56
PF02588	217,62,214
PF10035	106,144,228
PF02493	178,172,78
PF14504	223,137,101
PF02152	86,188,161
PF01288	61,182,90
PF00793	139,182,87
PF08275	51,132,200
PF13155	198,85,158
PF10410	76,179,143
PF03979	196,195,79
PF00140	102,77,212
PF12847	226,183,81
PF19124	134,50,191
PF12669	220,69,168
PF19694	69,170,181
PF09383	197,62,210
PF03180	221,87,172
PF06207	186,99,51
PF03023	217,156,70
PF02589	215,83,185
PF11155	210,79,96
PF02569	89,195,214
PF10728	103,95,192
PF09991	148,90,185
PF13533	168,85,201
PF01019	98,179,84
PF02525	212,77,201
PF08876	95,222,175
PF03006	55,221,139
PF02625	61,58,191
PF13478	189,90,169
PF13710	209,98,60
PF14659	98,53,202
PF14657	206,220,101
PF08797	216,67,159
PF07804	213,179,81
PF06114	72,90,228
PF02498	97,159,215
PF10543	203,111,52
PF10926	192,80,162
PF10991	166,194,76
PF04466	45,181,96
PF17288	192,117,50
PF05133	175,106,213
PF04233	183,67,58
PF06810	62,208,156
PF04883	123,199,94
PF17481	91,221,128
PF11611	160,200,55
PF14471	222,88,168
PF20155	93,222,107
PF16079	52,113,181
PF07751	194,73,125
PF03990	212,81,83
PF06725	176,189,79
PF13472	164,92,217
PF03631	179,80,75
PF03814	197,95,173
PF02669	196,108,97
PF07737	202,110,73
PF02557	90,216,226
PF01757	154,70,188
PF14266	175,190,62
PF02342	86,180,85
PF15617	73,195,134
PF15609	217,75,113
PF12500	190,188,56
PF11202	156,182,88
PF15608	72,86,186
PF06865	192,179,89
PF08874	83,82,205
PF12395	72,217,89
PF10110	158,209,78
PF05857	71,194,57
PF06166	156,214,92
PF06149	148,183,60
PF01156	85,160,202
PF00925	190,203,95
PF16124	219,90,85
PF09382	171,187,80
PF00570	208,145,63
PF14493	191,94,72
PF14453	61,150,192
PF03606	101,209,168
PF03473	80,164,210
PF08002	92,185,71
PF20240	213,103,140
PF19524	108,92,222
PF02690	207,193,85
PF13527	120,96,228
PF09338	128,207,93
PF03616	197,73,102
PF00962	62,88,189
PF12787	181,194,79
PF18560	182,120,65
PF03013	180,78,117
PF11208	78,169,226
PF15417	106,66,194
PF03960	72,114,182
PF14062	221,65,143
PF14399	204,61,150
PF16169	94,85,190
PF07739	61,146,189
PF14276	58,190,199
PF08980	217,77,84
PF00532	201,172,53
PF00251	123,226,113
PF08244	166,223,78
PF07866	168,208,96
PF11449	55,61,213
PF13382	211,222,93
PF03883	210,125,102
PF04204	81,84,187
PF02702	84,214,106
PF18152	94,206,170
PF01761	62,227,147
PF01202	172,93,226
PF02698	62,144,196
PF17210	63,223,215
PF01345	224,84,135
PF18812	205,170,81
PF13408	132,53,191
PF00936	203,115,72
PF10662	173,83,179
PF03861	205,86,70
PF12282	178,92,211
PF07568	47,119,184
PF06277	75,111,211
PF06751	70,76,224
PF05985	208,81,119
PF06130	91,64,182
PF03319	56,222,62
PF06249	64,185,106
PF01726	86,201,88
PF21631	204,140,72
PF04232	195,72,150
PF03255	181,213,63
PF17848	207,72,85
PF18029	196,209,68
PF13302	70,110,198
PF13486	69,171,227
PF08840	178,70,188
PF04775	86,206,189
PF04474	159,61,185
PF06838	84,182,84
PF17209	68,216,189
PF01715	215,163,93
PF12650	201,57,106
PF17099	181,58,64
PF05223	203,96,183
PF02627	225,224,63
PF10114	219,193,94
PF05732	212,78,156
PF01960	201,67,154
PF14268	110,221,215
PF11188	222,179,73
PF06962	217,88,200
PF13170	207,91,170
PF19842	104,215,131
PF20256	57,194,141
PF02738	80,202,196
PF01315	189,85,115
PF03450	93,219,163
PF00941	217,115,71
PF12837	186,72,60
PF01799	88,188,181
PF06177	183,221,57
PF16949	74,74,179
PF21018	224,171,62
PF14821	60,224,91
PF08238	121,207,103
PF12725	196,227,110
PF19092	75,160,223
PF13288	89,189,111
PF08436	173,200,78
PF02670	184,72,73
PF01148	208,159,89
PF01765	59,199,145
PF00889	141,105,212
PF06803	70,96,221
PF02659	56,181,56
PF21699	134,60,186
PF18128	213,97,207
PF18133	209,97,187
PF06541	204,65,186
PF08455	185,124,72
PF11308	189,176,88
PF02903	63,195,125
PF00484	207,59,137
PF12695	199,110,86
PF13515	155,53,192
PF03629	92,191,68
PF04074	51,164,180
PF04131	139,203,67
PF12655	211,211,55
PF05762	92,96,218
PF12544	184,72,64
PF13303	62,185,109
PF19935	185,53,81
PF00854	80,193,88
PF16188	214,139,98
PF16189	180,126,78
PF13350	81,182,109
PF11687	84,143,204
PF03591	181,61,62
PF05437	195,169,93
PF12676	55,53,208
PF02502	65,195,143
PF08125	183,57,163
PF01232	182,77,122
PF06826	88,128,188
PF19364	142,55,212
PF04723	151,195,78
PF03243	220,99,182
PF02554	217,103,114
PF13722	87,192,183
PF07561	72,64,227
PF06506	61,226,206
PF12653	74,228,60
PF13342	52,189,156
PF13437	182,116,74
PF00873	108,141,221
PF02321	180,78,67
PF01527	183,51,138
PF03618	223,84,124
PF21135	140,183,88
PF03417	68,145,198
PF02092	163,61,178
PF02091	58,208,116
PF14242	80,215,166
PF02565	49,187,49
PF11967	187,151,79
PF03448	185,172,74
PF01219	96,128,224
PF02130	58,143,228
PF02562	86,221,74
PF06898	57,183,128
PF07873	99,127,211
PF09424	54,187,91
PF01165	65,106,186
PF04452	184,93,194
PF20260	198,219,60
PF18019	179,65,49
PF13556	73,130,189
PF01628	102,194,69
PF13735	191,187,79
PF12627	96,88,181
PF01743	86,182,128
PF06421	81,109,194
PF07454	207,194,60
PF03418	94,160,208
PF01649	107,183,55
PF21694	200,75,225
PF06144	78,198,175
PF03772	175,206,77
PF13530	183,60,145
PF17668	220,98,201
PF09924	153,53,211
PF07009	191,78,156
PF02424	77,47,190
PF20511	178,47,48
PF21621	84,188,163
PF09107	196,63,227
PF09106	78,60,212
PF03841	182,76,175
PF12390	141,210,94
PF10087	70,211,86
PF02410	204,51,103
PF02631	131,51,197
PF02922	80,134,216
PF02806	221,120,87
PF02872	86,214,225
PF16138	110,89,194
PF07238	64,205,61
PF13320	228,67,189
PF13580	113,193,63
PF03602	74,196,116
PF19833	189,77,158
PF17191	65,181,63
PF04754	83,103,217
PF04265	222,213,56
PF03193	70,84,210
PF16745	227,105,223
PF03793	66,204,148
PF21016	109,82,225
PF04298	105,220,132
PF01976	195,101,211
PF18074	66,114,180
PF18319	94,225,140
PF17764	213,133,59
PF00625	211,113,228
PF08340	87,202,189
PF03755	59,163,224
PF01252	206,82,179
PF06580	167,210,60
PF07694	47,182,102
PF03496	72,192,65
PF07691	45,180,175
PF03495	70,76,206
PF17475	215,74,198
PF17476	71,228,91
PF05103	202,112,86
PF17774	202,116,100
PF02325	53,176,193
PF12700	184,52,161
PF05167	180,80,193
PF20439	208,94,167
PF20438	73,98,205
PF09547	77,140,188
PF07479	81,86,184
PF01210	78,86,206
PF02660	227,186,62
PF14714	184,68,210
PF17820	92,218,196
PF14045	81,169,227
PF06947	208,112,93
PF05949	167,188,93
PF08478	113,209,227
PF03033	55,192,183
PF21799	185,170,76
PF10555	174,65,204
PF01225	208,96,107
PF01795	189,197,71
PF01790	59,222,201
PF06071	187,51,88
PF10371	99,202,100
PF13185	83,199,71
PF00269	134,210,79
PF03590	114,82,216
PF12683	50,193,110
PF13599	204,74,175
PF00724	93,196,58
PF12686	103,223,96
PF05036	190,61,109
PF04203	101,160,216
PF04246	127,227,76
PF02583	87,198,118
PF19296	129,213,73
PF17768	207,54,99
PF04647	121,97,229
PF05524	222,88,124
PF00381	219,99,180
PF12950	163,80,196
PF14270	86,185,131
PF03816	62,87,215
PF02638	57,218,130
PF02719	92,133,192
PF13727	121,224,107
PF13477	170,211,96
PF04488	220,183,64
PF02397	110,218,220
PF16401	100,64,203
PF07523	91,132,207
PF13402	190,205,63
PF00404	61,162,189
PF13165	202,77,203
PF12670	201,148,73
PF02699	64,66,198
PF02547	95,186,205
PF02075	198,54,93
PF17042	218,62,121
PF07005	187,49,115
PF14031	120,57,182
PF12641	96,170,205
PF17802	187,148,60
PF05737	220,171,78
PF13171	202,60,137
PF04519	58,214,110
PF04914	102,179,74
PF03812	209,86,156
PF08666	194,211,58
PF04295	220,108,137
PF20629	97,213,193
PF04794	104,211,187
PF13343	51,50,180
PF16924	206,111,61
PF08343	208,97,96
PF19062	60,223,100
PF06800	132,201,95
PF08902	69,207,113
PF12708	106,224,169
PF09860	224,88,183
PF09967	183,55,108
PF13203	227,124,100
PF06081	65,134,180
PF11728	185,54,82
PF05913	132,64,228
PF19200	148,98,226
PF03702	188,195,81
PF03572	106,213,200
PF21365	136,53,187
PF01055	215,124,99
PF13802	70,124,206
PF07510	76,170,218
PF08463	132,107,224
PF13643	229,85,227
PF02595	214,171,73
PF16657	70,84,221
PF00365	180,154,46
PF11337	138,207,77
PF00201	59,123,204
PF14287	225,82,214
PF02486	47,183,64
PF18106	166,79,186
PF10694	190,69,70
PF10400	122,188,67
PF19539	180,146,77
PF09983	72,92,188
PF08867	114,184,76
PF13751	186,64,140
PF20648	78,105,183
PF13151	61,221,207
PF12668	77,138,220
PF10546	52,198,180
PF01668	179,81,146
PF08974	82,186,180
PF17876	137,207,85
PF08206	103,222,78
PF03840	202,194,86
PF21715	87,186,156
PF04552	81,149,189
PF04963	182,89,87
PF00309	142,81,218
PF00376	185,85,81
PF02096	80,128,190
PF12636	207,170,96
PF01430	218,209,60
PF03313	98,200,204
PF03315	211,61,126
PF08503	96,209,185
PF14277	90,190,83
PF10458	78,208,121
PF09388	74,76,197
PF07456	141,220,109
PF02190	149,208,80
PF06689	75,223,188
PF05698	76,160,221
PF05697	227,142,98
PF03119	228,96,112
PF12800	208,67,127
PF02256	52,57,208
PF02634	101,72,206
PF12654	176,206,101
PF06353	152,66,223
PF06182	66,108,189
PF12647	141,204,92
PF02650	179,117,89
PF14527	87,54,188
PF10298	109,213,72
PF03668	185,63,106
PF02873	91,215,162
PF01257	223,222,80
PF10589	186,156,74
PF10588	204,102,86
PF07475	111,53,185
PF02603	187,100,64
PF06180	179,81,59
PF02571	99,222,142
PF02277	192,83,186
PF01263	185,118,69
PF21378	171,97,200
PF20317	128,180,87
PF14285	91,217,224
PF01648	123,191,81
PF02823	79,108,227
PF00231	90,222,208
PF00306	77,199,225
PF00213	81,184,59
PF00430	159,206,63
PF00119	176,72,198
PF03899	72,51,201
PF09527	99,210,189
PF14681	93,147,196
PF17827	189,213,77
PF07136	94,192,100
PF01197	184,81,92
PF07497	181,96,80
PF07498	99,194,218
PF19732	65,215,189
PF09578	85,60,180
PF00216	89,81,218
PF15714	170,103,217
PF03461	185,78,47
PF01195	152,199,94
PF06750	139,78,202
PF04350	90,120,186
PF05137	210,174,83
PF05157	182,214,53
PF04026	194,63,214
PF09182	103,227,93
PF13331	82,194,111
PF06007	190,53,129
PF05861	197,79,169
PF05845	182,106,62
PF06754	220,62,83
PF09115	74,228,164
PF04070	136,88,220
PF01272	118,213,62
PF03449	184,73,196
PF01207	113,180,70
PF03309	220,98,197
PF11734	217,59,84
PF09148	186,85,107
PF07486	194,177,56
PF09551	208,199,82
PF12673	183,106,48
PF06257	189,201,63
PF05582	219,119,79
PF12640	89,149,205
PF07205	79,191,128
PF08901	193,77,220
PF02664	225,85,108
PF12638	154,78,187
PF18202	210,148,92
PF06125	61,91,206
PF14317	98,117,202
PF12664	88,182,134
PF00302	220,77,105
PF07275	59,115,214
PF12846	210,82,61
PF13702	90,121,203
PF12642	119,187,70
PF13783	187,114,81
PF13102	85,193,144
PF10026	217,80,153
PF12788	155,215,97
PF03831	185,94,78
PF08274	90,116,189
PF07242	218,200,88
PF01081	179,77,179
PF18232	182,54,141
PF06496	103,190,59
PF08309	196,66,110
PF07071	112,194,91
PF02590	70,162,179
PF07261	58,203,151
PF01695	101,224,195
PF03948	89,69,197
PF01281	57,161,209
PF21370	214,184,86
PF01084	83,179,226
PF01250	152,215,101
PF06107	97,166,227
PF11823	191,199,88
PF14938	183,61,67
PF10646	66,134,219
PF02527	73,139,226
PF13932	210,186,92
PF21680	89,108,203
PF01134	133,57,210
PF12631	204,128,97
PF10396	85,65,179
PF01424	142,201,99
PF14804	137,217,89
PF01809	129,220,97
PF00825	217,77,184
PF00468	181,61,165
PF05114	87,172,219
PF05977	213,107,103
PF16859	182,109,57
PF02368	57,145,186
PF17866	196,83,196
PF03808	105,123,218
PF12623	119,79,179
PF19594	63,185,122
PF19756	93,210,138
PF00975	213,93,173
PF08659	182,87,62
PF18369	59,229,187
PF16197	218,75,155
PF08990	185,77,199
PF14765	151,195,56
PF21089	198,56,141
PF03559	179,191,49
PF13546	138,69,188
PF17853	224,184,88
PF17765	64,73,195
PF13454	205,98,89
PF01583	192,105,95
PF00685	86,212,90
PF12770	222,107,61
PF00498	221,161,79
PF13374	104,201,68
PF14891	211,58,96
PF01075	60,57,208
PF18731	212,63,197
PF07696	89,197,198
PF07695	182,96,65
PF19313	201,106,225
PF06452	83,177,183
PF04326	58,214,204
PF16114	198,71,66
PF17831	150,97,197
PF07495	204,98,120
PF04413	201,102,219
PF05140	91,128,187
PF12694	83,121,225
PF03938	54,196,58
PF13720	115,100,204
PF01741	132,68,191
PF17782	75,79,225
PF14332	189,157,94
PF09723	164,183,71
PF16258	192,116,77
PF01804	104,191,77
PF03544	91,190,163
PF03929	128,204,85
PF08308	73,119,226
PF13487	181,80,216
PF00148	154,79,199
PF08369	94,173,209
PF07494	185,229,91
PF19576	130,73,180
PF13444	72,176,228
PF09545	227,67,110
PF03548	203,82,168
PF00502	208,53,53
PF01975	126,89,209
PF12291	179,115,48
PF00142	120,183,72
PF19557	59,174,228
PF04390	66,133,181
PF13464	195,153,78
PF13413	229,80,206
PF01654	64,220,135
PF16576	170,92,223
PF07715	193,149,49
PF00593	196,122,57
PF02485	134,189,86
PF05195	69,206,104
PF00916	197,120,81
PF07947	72,135,217
PF07109	209,150,59
PF02636	103,182,51
PF11736	175,205,65
PF11866	226,106,114
PF11213	168,179,55
PF13460	90,203,92
PF13717	82,202,183
PF04030	71,97,213
PF13176	92,217,62
PF00025	203,62,178
PF09423	53,121,204
PF14255	203,69,74
PF00034	117,207,63
PF00351	66,218,200
PF03767	188,49,99
PF00400	209,162,78
PF16811	75,223,166
PF13145	140,67,206
PF04932	96,223,203
PF14849	124,183,59
PF18916	215,55,75
PF05661	214,106,211
PF20154	203,189,75
PF07994	187,61,75
PF08811	56,208,162
PF07394	161,211,80
PF10173	85,215,209
PF09345	88,193,126
PF02684	188,186,89
PF03799	182,92,226
PF02491	129,206,87
PF14450	64,205,107
PF20382	223,64,106
PF09752	52,180,116
PF14684	123,181,63
PF00595	109,183,227
PF13784	162,83,228
PF07291	217,83,89
PF13308	130,78,206
PF04116	81,205,54
PF06127	97,49,186
PF14537	201,64,163
PF04366	83,154,182
PF13650	158,94,221
PF04773	179,57,129
PF05076	60,74,200
PF10263	186,179,91
PF13004	184,60,49
PF05345	93,211,107
PF02225	56,185,66
PF00263	188,52,153
PF03958	123,205,59
PF05685	113,67,222
PF03641	229,82,196
PF03783	173,51,181
PF03741	181,200,64
PF13671	189,48,171
PF14559	59,177,216
PF06827	220,158,75
PF06831	66,107,189
PF01149	62,168,220
PF02012	56,125,201
PF14685	212,97,192
PF02470	105,80,199
PF10345	106,64,219
PF17874	216,95,215
PF20702	82,190,105
PF08899	75,181,56
PF14239	86,102,186
PF14279	87,163,200
PF13906	193,113,92
PF13668	71,166,211
PF13442	76,209,191
PF12766	146,93,211
PF04193	213,66,87
PF10601	81,136,205
PF05258	145,227,65
PF00221	83,133,214
PF07920	106,213,131
PF03209	85,218,199
PF10069	223,222,76
PF11976	55,168,222
PF02472	222,141,90
PF21760	54,201,105
PF17930	217,119,107
PF06230	194,80,121
PF14339	75,194,115
PF01027	144,83,207
PF01218	207,101,131
PF04480	71,199,173
PF03852	212,92,212
PF01103	222,153,96
PF07244	51,193,126
PF09651	182,49,125
PF09700	150,69,206
PF12469	169,226,85
PF03130	49,187,152
PF08338	53,139,192
PF13428	215,212,57
PF02113	119,185,70
PF05982	59,153,191
PF21447	91,150,201
PF17918	154,102,220
PF09243	87,50,180
PF14261	87,212,219
PF15601	196,108,67
PF03884	196,94,116
PF02591	133,84,205
PF00311	90,109,202
PF05257	194,190,79
PF00223	222,90,67
PF03838	61,204,150
PF04248	190,128,49
PF02606	143,208,68
PF14338	216,148,86
PF14103	207,105,85
PF03030	71,191,88
PF17164	85,195,133
PF17778	110,191,91
PF04613	179,88,94
PF17810	63,94,199
PF13604	106,220,79
PF13451	228,189,97
PF01010	131,187,61
PF06965	181,131,80
PF20732	225,146,83
PF07075	67,206,101
PF04028	212,94,204
PF18130	52,44,178
PF14907	58,190,65
PF11992	124,93,198
PF03088	78,106,205
PF13490	110,52,180
PF01934	214,184,105
PF08712	188,63,118
PF03331	194,202,67
PF04377	98,213,79
PF11306	102,76,187
PF03203	172,224,97
PF10825	89,60,220
PF07837	69,180,118
PF02971	102,80,182
PF18324	184,94,222
PF09348	207,117,72
PF07179	77,210,90
PF00930	62,116,212
PF12973	181,65,106
PF04357	78,201,207
PF13492	127,86,186
PF07099	200,212,76
PF19838	211,103,122
PF05996	179,88,220
PF05724	79,216,161
PF04174	198,222,74
PF21770	205,75,156
PF02405	99,208,168
PF20510	102,56,191
PF08409	200,64,201
PF06491	223,90,192
PF20094	191,51,136
PF03739	219,221,61
PF02043	152,206,91
PF10459	180,88,140
PF08482	228,68,75
PF07879	116,204,55
PF09157	79,190,111
PF21249	227,173,77
PF13567	146,224,106
PF08487	220,179,89
PF13768	71,98,190
PF02265	213,73,106
PF13435	93,63,189
PF09699	193,80,110
PF00265	190,227,101
PF01386	176,93,228
PF14693	74,199,156
PF06155	225,168,71
PF09179	102,218,120
PF05299	78,198,178
PF17899	191,86,147
PF20833	89,185,188
PF00743	143,90,224
PF06835	53,81,203
PF03968	60,194,218
PF06089	126,87,179
PF11104	54,174,189
PF11741	83,142,189
PF21263	101,221,152
PF08359	83,143,212
PF16491	159,57,213
PF10693	228,109,216
PF12159	193,145,70
PF15919	167,91,196
PF00255	104,85,189
PF13481	112,210,64
PF13525	220,145,63
PF06052	75,212,123
PF15902	171,100,214
PF05171	61,213,170
PF12867	225,109,104
PF04461	80,199,102
PF13398	213,111,102
PF01398	181,58,91
PF20171	110,89,216
PF10128	210,56,80
PF02781	121,181,62
PF00479	76,188,171
PF20943	92,176,203
PF04253	80,173,183
PF03279	119,206,82
PF09609	63,212,139
PF09617	51,132,198
PF02563	191,69,170
PF08547	56,80,189
PF20420	75,143,204
PF09988	98,200,81
PF12040	92,196,148
PF07638	204,56,172
PF07466	47,124,184
PF01483	126,180,47
PF05635	166,85,190
PF01427	116,195,64
PF02696	195,61,115
PF02446	209,75,211
PF14815	160,75,189
PF03301	96,209,216
PF07721	192,211,63
PF14326	208,61,204
PF11899	227,114,111
PF13899	64,222,120
PF11412	221,80,209
PF09195	136,192,63
PF17801	78,204,176
PF16499	224,104,174
PF14489	143,102,215
PF11965	60,186,162
PF02514	101,209,197
PF04422	175,185,76
PF04432	101,93,213
PF07284	184,69,74
PF00856	181,82,203
PF08406	192,135,93
PF10047	178,68,71
PF19788	79,73,204
PF07813	88,199,223
PF13911	226,111,181
PF13699	179,80,207
PF00076	101,216,122
PF12635	200,103,210
PF13356	177,92,188
PF13362	199,69,149
PF13148	192,66,216
PF01316	75,221,205
PF02863	80,190,61
PF13579	179,63,126
PF11821	203,75,125
PF03928	222,194,74
PF13506	164,210,61
PF09594	224,90,179
PF13801	140,83,202
PF05233	222,92,98
PF16789	121,66,184
PF09298	70,73,193
PF20388	133,70,204
PF12557	193,72,163
PF08960	87,204,88
PF08780	75,190,176
PF04784	174,221,108
PF09837	106,214,164
PF09559	68,179,86
PF13229	97,207,102
PF17937	63,222,138
PF03588	206,129,67
PF10013	94,90,201
PF10722	198,77,198
PF01674	220,114,64
PF08148	65,211,58
PF13354	157,183,63
PF08003	154,227,99
PF07264	71,100,211
PF12895	222,94,61
PF07287	59,183,135
PF04227	191,61,57
PF19778	106,183,223
PF13749	223,135,109
PF13310	200,107,56
PF05721	205,136,84
PF19366	90,207,106
PF04347	196,81,52
PF04095	86,224,103
PF13675	109,100,221
PF01794	58,146,181
PF13905	76,80,179
PF04371	55,143,191
PF13305	117,187,92
PF04187	158,222,63
PF09233	166,192,73
PF18135	84,201,179
PF02617	114,191,81
PF01833	195,182,94
PF16113	216,143,68
PF01364	219,86,163
PF05235	61,103,191
PF00487	182,159,55
PF00723	211,65,214
PF09137	86,159,214
PF09087	203,155,72
PF01835	226,78,78
PF07703	61,180,177
PF00207	89,149,199
PF07678	217,98,118
PF17973	100,144,206
PF03724	197,132,87
PF14041	116,218,105
PF14522	220,82,160
PF02085	83,191,70
PF10134	202,84,88
PF13517	75,77,228
PF10162	137,191,50
PF19860	196,79,79
PF14175	225,133,64
PF13399	209,62,55
PF09957	212,56,145
PF13625	162,80,178
PF17914	80,208,205
PF11774	207,198,98
PF11716	201,166,98
PF17844	139,180,76
PF13551	194,92,58
PF02371	217,85,200
PF01548	74,197,158
PF06762	184,87,53
PF05448	206,96,225
PF18563	154,181,57
PF21390	188,97,202
PF07602	108,115,221
PF18917	97,146,225
PF03415	196,109,62
PF14229	63,179,220
PF00801	228,169,68
PF13469	191,189,78
PF09350	113,81,196
PF08984	162,81,186
PF18764	118,94,191
PF13384	203,73,156
PF14353	208,219,56
PF13421	184,77,136
PF20990	166,99,214
PF09972	115,63,210
PF07332	197,88,113
PF12277	214,111,69
PF07736	144,210,92
PF19960	85,143,196
PF20703	81,109,225
PF09297	210,68,177
PF09296	222,69,199
PF13480	219,66,210
PF09862	68,194,81
PF07796	213,104,134
PF00071	88,72,190
PF12401	219,78,179
PF18955	181,76,100
PF10462	75,196,161
PF09471	89,64,198
PF01619	187,131,88
PF07698	180,45,81
PF07697	71,126,207
PF06439	73,157,216
PF01712	111,189,73
PF02366	96,226,184
PF12688	199,94,157
PF16582	186,216,94
PF07884	79,158,200
PF13769	53,202,64
PF10041	151,188,90
PF03352	80,141,182
PF01419	179,84,157
PF13676	222,145,93
PF19638	195,74,138
PF04020	211,212,65
PF18899	200,102,74
PF14117	187,223,106
PF13376	182,89,229
PF08922	193,99,220
PF01704	65,200,201
PF13612	196,151,71
PF18614	142,106,218
PF04384	192,138,54
PF12038	135,69,194
PF10025	189,87,132
PF13529	185,67,128
PF10131	222,79,138
PF11028	208,213,75
PF13196	104,149,222
PF11074	198,188,68
PF08020	73,63,180
PF00932	98,227,83
PF13366	210,115,98
PF16158	221,103,84
PF20773	187,71,154
PF16901	214,79,76
PF07840	55,114,189
PF03150	147,193,80
PF09445	220,100,123
PF18096	118,83,197
PF05096	75,198,78
PF14524	150,186,86
PF05138	223,109,87
PF06243	119,211,82
PF21814	167,225,101
PF16277	91,60,204
PF14014	180,52,146
PF04456	148,99,220
PF18854	228,101,208
PF18030	68,165,229
PF16656	88,207,164
PF06253	208,95,117
PF11700	218,123,97
PF14340	75,169,224
PF04237	221,104,185
PF06224	139,222,81
PF04184	54,143,204
PF02604	194,83,182
PF06769	54,84,189
PF19728	102,179,72
PF00641	164,83,209
PF09586	167,78,192
PF18882	67,200,59
PF07021	217,73,113
PF13548	142,65,194
PF20423	48,186,71
PF06315	201,56,76
PF08445	163,54,183
PF03264	88,204,175
PF02335	188,62,125
PF03704	207,109,103
PF13711	177,222,82
PF10387	84,92,188
PF04264	169,227,76
PF13090	70,163,185
PF17941	163,59,198
PF02503	62,51,199
PF13089	92,227,124
PF16927	215,172,99
PF13787	179,54,69
PF04365	107,180,52
PF12441	83,133,215
PF19961	84,144,184
PF14486	220,65,115
PF08450	179,60,51
PF20067	210,86,211
PF08532	194,61,215
PF02836	215,192,103
PF00703	73,104,210
PF02837	222,74,152
PF14347	209,77,71
PF05209	188,68,101
PF04383	179,81,168
PF03575	105,92,205
PF08031	211,102,195
PF14262	183,140,84
PF10364	106,228,226
PF13807	84,201,165
PF02706	184,77,162
PF03379	220,57,72
PF14384	204,92,205
PF14257	134,83,201
PF03869	154,181,79
PF14358	153,217,81
PF02868	74,124,225
PF01447	69,92,215
PF07504	121,227,71
PF17186	207,211,103
PF07143	57,183,193
PF17786	179,210,75
PF17753	46,181,47
PF14329	92,143,191
PF16561	47,67,181
PF10552	97,123,214
PF10547	181,51,146
PF09678	83,193,204
PF04655	59,94,211
PF20472	49,147,192
PF05066	181,60,210
PF04314	149,48,185
PF06897	227,187,98
PF08818	191,208,86
PF02733	171,226,92
PF05532	92,194,177
PF01341	145,199,72
PF08367	225,224,103
PF19928	155,186,79
PF01220	219,78,83
PF09569	74,139,220
PF00077	186,60,106
PF20656	187,48,136
PF01274	174,78,214
PF20659	77,199,162
PF00463	98,201,199
PF14236	193,93,98
PF03596	163,178,65
PF01292	198,64,116
PF09413	73,60,198
PF03100	128,63,215
PF16327	127,229,107
PF03918	226,178,83
PF06296	95,116,210
PF03480	194,60,106
PF04273	187,96,88
PF13975	211,81,99
PF07704	59,66,199
PF18348	96,213,153
PF05015	121,102,221
PF10086	92,93,204
PF09913	51,185,59
PF13267	203,166,68
PF12439	181,67,182
PF13286	68,180,99
PF17289	182,63,165
PF13227	184,109,221
PF10145	101,212,168
PF03350	217,79,208
PF10009	73,190,192
PF07484	185,49,54
PF20248	218,222,79
PF11852	91,45,181
PF17967	144,225,108
PF13688	198,59,143
PF02469	74,198,61
PF16296	79,223,223
PF09985	204,96,61
PF04075	147,88,226
PF00481	110,197,61
PF17936	84,105,203
PF02018	225,144,75
PF13651	195,67,151
PF19420	104,107,223
PF13744	228,110,204
PF00450	168,212,104
PF01510	68,225,125
PF05656	219,65,182
PF12974	195,49,163
PF11290	60,182,207
PF07091	141,77,221
PF06108	72,94,180
PF03160	215,209,100
PF06719	103,215,177
PF10012	136,54,214
PF07653	86,196,79
PF20935	181,59,144
PF20242	146,59,188
PF11139	200,217,84
PF00887	183,72,99
PF11667	66,212,162
PF17479	67,191,212
PF11258	225,166,109
PF04525	93,205,76
PF09604	92,63,201
PF16868	205,210,93
PF06742	103,179,87
PF06863	67,182,105
PF12089	213,60,202
PF11950	194,111,65
PF11999	94,211,114
PF03306	182,93,209
PF19371	179,57,128
PF15428	73,190,57
PF13946	53,211,89
PF18884	179,76,163
PF08332	90,138,226
PF03733	144,99,204
PF14249	54,209,83
PF13197	210,105,217
PF05597	200,108,229
PF06240	94,215,119
PF04151	178,139,57
PF11974	69,130,179
PF11146	183,69,64
PF00028	219,169,103
PF17803	87,184,51
PF13427	197,94,176
PF09012	192,76,220
PF14256	185,83,171
PF03102	104,219,166
PF17137	199,66,109
PF14446	70,199,85
PF00179	202,190,69
PF08817	71,145,193
PF00350	146,56,188
PF02592	220,197,103
PF02790	116,92,207
PF02104	128,179,75
PF10262	129,208,98
PF06267	197,62,150
PF08823	92,142,201
PF18897	197,59,51
PF18906	209,91,211
PF05065	80,187,176
PF04860	59,215,87
PF03237	185,175,63
PF05163	133,77,221
PF13600	179,46,128
PF13598	217,146,74
PF18603	95,148,213
PF16870	202,87,204
PF16078	90,223,132
PF21805	206,149,90
PF09511	60,203,72
PF16242	81,160,201
PF10127	91,128,197
PF03976	66,198,139
PF02657	146,205,100
PF10060	75,90,206
PF13190	76,69,215
PF06953	183,187,50
PF14066	102,45,179
PF06055	98,185,74
PF10108	73,228,193
PF19278	148,89,207
PF01323	69,96,190
PF19403	190,82,146
PF14516	104,214,184
PF16565	99,65,216
PF02412	206,59,95
PF13358	210,64,72
PF13228	208,64,130
PF10881	162,95,202
PF15738	107,224,214
PF04221	86,217,211
PF20108	69,102,183
PF11303	77,92,205
PF21347	81,183,91
PF10988	181,118,67
PF20466	66,80,206
PF20465	143,47,189
PF19545	98,229,140
PF05547	217,116,60
PF20774	83,121,199
PF18915	52,179,166
PF18914	192,204,95
PF14376	58,203,109
PF11750	221,77,200
PF09394	197,71,218
PF02522	61,88,189
PF18905	148,79,222
PF10099	170,209,104
PF14224	194,82,196
PF03824	200,56,146
PF21820	191,161,83
PF19315	216,78,226
PF18944	149,193,78
PF18934	72,159,216
PF10094	182,84,114
PF21156	220,97,74
PF06262	91,50,192
PF14721	99,62,193
PF14079	177,69,203
PF16261	151,106,217
PF14511	91,201,201
PF03713	200,165,61
PF13115	71,93,228
PF09922	89,124,189
PF07876	186,54,134
PF09619	107,209,102
PF11783	75,185,124
PF11322	196,102,93
PF13188	107,226,153
PF09835	195,87,178
PF00775	79,125,209
PF09684	202,83,143
PF04965	163,95,197
PF05488	96,81,213
PF04717	171,86,200
PF19266	162,183,69
PF06841	159,82,217
PF14065	80,207,95
PF20387	197,179,81
PF15731	70,190,209
PF02415	181,105,64
PF12088	193,59,173
PF20114	203,113,77
PF13290	119,215,79
PF14312	221,87,212
PF09966	53,159,194
PF21619	183,59,194
PF04214	200,92,90
PF03864	96,102,220
PF09956	189,155,85
PF10123	226,74,145
PF03592	202,51,96
PF17754	100,228,107
PF06500	59,74,191
PF21274	72,117,194
PF05694	192,171,56
PF09479	202,67,111
PF00041	52,181,168
PF01073	57,199,208
PF01650	118,202,66
PF13855	191,54,185
PF12799	81,163,179
PF01929	80,119,190
PF04072	77,154,183
PF05889	151,76,194
PF03795	56,84,198
PF01080	66,205,172
PF14701	66,212,176
PF20973	151,208,62
PF10974	194,191,66
PF11977	199,99,179
PF10342	70,79,182
PF06739	206,160,74
PF08360	77,101,208
PF11070	207,120,100
PF05129	64,198,160
PF02275	121,71,218
PF02317	222,99,91
PF13415	186,91,76
PF00240	64,178,210
PF11838	127,216,90
PF01011	84,111,218
PF09889	94,168,200
PF04670	102,130,208
PF00560	117,89,213
PF05621	82,137,201
PF14478	196,82,212
PF21440	192,121,52
PF03577	98,223,97
PF13239	69,196,198
PF11175	123,71,215
PF02929	166,193,62
PF16353	224,104,176
PF13195	166,182,74
PF18741	133,193,95
PF17975	140,189,75
PF12419	208,79,195
PF03382	47,186,140
PF00022	147,213,95
PF02544	58,99,221
PF16983	83,216,77
PF10269	170,201,67
PF00125	189,60,171
PF01301	187,90,191
PF09138	170,210,77
PF04282	134,76,183
PF13596	78,216,141
PF18145	227,111,85
PF18144	194,119,58
PF02943	129,182,45
PF02662	202,68,134
PF04077	81,139,184
PF13686	216,83,69
PF04756	204,133,69
PF05893	219,224,100
PF04443	78,189,56
PF06054	212,188,67
PF10386	181,91,47
PF02838	216,82,92
PF00728	68,225,157
PF11369	118,66,204
PF01399	187,190,62
PF06283	113,53,203
PF17723	81,136,185
PF13516	108,99,206
PF18958	63,154,181
PF20168	62,229,212
PF19709	177,223,107
PF01781	81,175,180
PF19641	110,184,64
PF15514	221,223,98
PF01193	105,217,146
PF16295	193,53,99
PF19620	142,95,197
PF13639	96,220,188
PF19112	216,63,160
PF00626	58,62,184
PF05753	197,85,154
PF04324	47,102,189
PF07892	74,178,93
PF14251	65,78,192
PF07944	47,132,184
PF20736	182,195,87
PF20737	62,180,117
PF03332	108,221,133
PF19510	204,100,107
PF04230	184,79,196
PF13452	113,136,226
PF05899	175,229,102
PF09962	202,92,216
PF04157	87,60,223
PF02065	71,176,209
PF09834	164,183,67
PF01913	87,224,202
PF02741	53,183,48
PF10469	93,206,63
PF09819	178,183,59
PF03971	197,49,132
PF08433	90,201,129
PF18761	106,195,225
PF12893	106,181,60
PF11907	74,185,172
PF13392	94,203,225
PF08937	174,191,79
PF12651	80,213,135
PF08570	211,62,83
PF14539	207,67,126
PF02805	219,103,182
PF12476	112,72,187
PF07786	73,187,94
PF11756	63,75,221
PF00078	188,175,58
PF08821	203,171,64
PF13566	210,92,106
PF14424	195,90,86
PF20122	60,199,76
PF14595	119,191,91
PF19890	193,82,129
PF09509	222,187,73
PF01643	98,214,99
PF20791	224,92,162
PF01204	180,61,197
PF13088	94,192,69
PF02536	228,89,84
PF21107	198,186,52
PF08923	204,94,160
PF07431	194,94,74
PF05871	97,214,57
PF04212	104,145,212
PF09992	104,228,161
PF17253	206,90,114
PF03403	205,91,196
