PF13193	192,204,84
PF00501	91,77,192
PF00550	213,213,91
PF00668	174,194,62
PF18563	73,133,188
PF08242	116,77,193
PF00975	119,180,88
PF03435	191,65,115
PF01408	106,53,205
PF21390	82,106,204
PF00067	71,179,98
PF13649	75,70,186
PF00664	89,83,182
PF00005	207,100,105
PF00425	93,225,150
PF02800	203,60,58
PF00044	205,57,208
PF20258	88,179,177
PF20259	190,85,130
PF03054	68,214,192
PF00266	95,128,193
PF01554	62,190,107
PF00766	178,88,143
PF01012	54,193,192
PF00725	92,214,144
PF02737	189,178,79
PF00378	182,226,99
PF11842	183,103,85
PF04055	160,228,99
PF08497	202,94,62
PF06723	90,202,93
PF02911	184,133,89
PF00551	115,103,209
PF13434	148,80,224
PF01032	157,211,81
PF05977	78,148,180
PF12697	49,151,193
PF03621	203,83,120
PF01497	214,78,199
PF06202	213,68,65
PF14742	78,200,178
PF00534	228,70,104
PF13439	181,102,90
PF07690	194,92,193
PF00440	176,186,75
PF16859	181,139,70
PF00069	166,181,50
PF19402	186,184,64
PF02347	85,184,195
PF19462	205,63,54
PF02517	60,112,209
PF02567	119,194,60
PF03551	172,93,206
PF07228	55,175,179
PF00496	68,139,200
PF19300	152,184,52
PF00528	193,49,184
PF12911	212,86,78
PF08352	56,107,189
PF04226	69,207,160
PF00188	134,67,196
PF13458	138,60,226
PF02653	111,91,205
PF12399	155,85,200
PF13377	120,90,188
PF00356	136,205,77
PF00557	196,65,98
PF14833	198,90,114
PF03446	60,181,115
PF01979	206,53,163
PF05013	123,196,66
PF17391	182,47,135
PF01175	104,224,119
PF17392	54,204,198
PF02283	184,149,48
PF03781	223,56,78
PF17286	97,218,126
PF06325	179,97,72
PF05402	200,109,227
PF13471	218,60,137
PF13537	90,207,54
PF00733	191,107,227
PF01502	90,142,192
PF04715	215,125,79
PF01022	199,215,81
PF00149	71,195,229
PF02580	85,214,211
PF02384	91,222,92
PF08220	47,180,107
PF12958	215,100,186
PF12681	88,193,200
PF03389	117,78,225
PF01807	148,48,183
PF05272	94,62,221
PF09035	195,213,59
PF02920	172,183,85
PF00589	187,50,75
PF01451	61,145,191
PF12833	126,95,206
PF02311	153,79,211
PF01144	93,226,67
PF01039	196,64,147
PF01869	121,183,86
PF06050	197,184,74
PF00364	62,114,205
PF04277	170,62,199
PF03977	146,208,57
PF04960	210,75,156
PF01566	211,139,105
PF09339	114,75,187
PF01614	215,58,170
PF00491	73,203,131
PF14344	62,184,128
PF01987	86,224,188
PF03466	68,76,220
PF00126	182,185,76
PF02417	207,124,65
PF16326	49,55,194
PF12848	216,105,105
PF04607	225,89,63
PF02424	81,220,198
PF07009	199,90,160
PF07456	216,58,91
PF13375	92,167,185
PF01512	219,81,206
PF10531	55,196,56
PF12838	210,145,104
PF03116	123,216,99
PF04205	71,216,80
PF02508	125,212,69
PF04060	75,222,149
PF00037	76,173,204
PF03477	61,109,204
PF01205	60,105,207
PF09186	160,72,217
PF12698	80,220,220
PF13365	68,93,187
PF13180	184,64,62
PF01702	124,181,68
PF02811	168,79,178
PF00180	86,144,214
PF13456	191,60,142
PF02824	92,187,84
PF16897	81,187,161
PF01926	108,184,57
PF01996	74,229,223
PF13610	222,118,74
PF00330	191,69,215
PF00694	205,174,87
PF02624	142,104,227
PF07812	90,185,174
PF12850	157,213,56
PF06026	85,194,164
PF01907	67,216,197
PF01423	148,182,47
PF02633	74,81,207
PF06276	45,178,99
PF04183	56,189,142
PF13523	67,198,66
PF00282	55,131,198
PF00202	100,57,225
PF03372	68,179,77
PF04342	67,47,190
PF03745	71,118,204
PF00082	155,91,223
PF02618	153,217,69
PF00144	204,94,144
PF02797	208,62,175
PF08241	81,180,137
PF01938	186,93,188
PF01850	64,211,226
PF12704	205,79,67
PF02687	84,207,192
PF00079	222,128,91
PF01327	182,149,86
PF02621	219,69,87
PF01266	179,49,111
PF00745	116,91,219
PF01488	178,81,64
PF05201	225,163,59
PF01578	205,103,72
PF03747	84,209,173
PF08402	73,201,53
PF00164	69,125,203
PF00177	107,215,126
PF00009	213,102,165
PF03144	74,207,115
PF14492	214,201,106
PF03764	71,62,198
PF00679	63,187,84
PF03143	64,51,187
PF02518	202,97,157
PF00512	82,191,104
PF00486	207,52,119
PF00072	142,219,80
PF01381	154,197,83
PF01035	85,191,180
PF14659	86,89,191
PF01546	88,168,182
PF01380	180,54,162
PF01418	180,130,70
PF03606	193,193,61
PF01791	216,176,59
PF02733	88,74,178
PF02734	214,140,86
PF04198	204,212,65
PF07883	179,89,181
PF12837	213,147,93
PF00027	155,219,66
PF13545	77,218,70
PF00395	185,127,54
PF18998	94,223,103
PF13385	171,98,228
PF09479	97,125,208
PF12974	229,126,66
PF00465	102,218,87
PF02771	120,66,184
PF02770	129,100,201
PF00441	194,88,161
PF07670	184,85,90
PF02515	202,59,154
PF02645	64,151,221
PF08876	87,200,127
PF06541	193,93,216
PF01783	173,198,72
PF02620	83,100,217
PF01479	77,199,116
PF00849	188,50,66
PF13416	48,186,47
PF08239	215,95,160
PF02368	67,195,175
PF00004	90,193,208
PF17866	131,62,226
PF00919	142,78,220
PF03547	191,220,76
PF01943	218,95,157
PF14667	100,107,205
PF00542	201,85,58
PF16320	89,169,214
PF00466	64,182,147
PF07314	78,106,207
PF13722	91,67,224
PF02554	63,201,105
PF03808	61,157,217
PF02223	204,92,215
PF01965	110,99,221
PF01812	142,67,216
PF02674	222,222,65
PF18975	227,81,202
PF01416	131,189,64
PF00672	112,206,77
PF01541	155,211,59
PF00829	172,54,183
PF04327	59,141,179
PF01016	98,214,179
PF03479	183,119,63
PF01018	199,199,71
PF09269	113,226,127
PF01228	227,159,105
PF02901	181,217,63
PF01235	177,93,197
PF07517	154,198,62
PF21090	205,64,116
PF07516	67,227,139
PF02810	70,124,207
PF00881	187,221,87
PF13336	188,63,182
PF02550	205,183,53
PF04536	47,94,183
PF05816	219,86,218
PF10112	88,201,188
PF00258	185,57,166
PF12672	193,162,95
PF00291	82,190,151
PF00834	98,227,195
PF21176	208,147,98
PF02132	129,228,71
PF13662	206,167,84
PF21175	99,188,51
PF06969	108,105,214
PF00107	160,196,78
PF08240	97,195,221
PF02036	164,182,88
PF13561	115,93,216
PF02784	84,186,93
PF13189	167,88,205
PF01509	143,56,207
PF16198	116,213,81
PF05221	63,146,205
PF00670	56,199,89
PF01040	83,101,220
PF02538	183,114,50
PF01968	205,99,225
PF05378	174,197,74
PF02475	74,171,183
PF18093	54,204,94
PF01595	67,225,194
PF00571	124,215,69
PF03471	185,206,88
PF00850	69,193,144
PF00293	218,66,152
PF13620	61,227,66
PF18911	93,128,196
PF18204	78,75,185
PF01092	187,68,102
PF09999	79,195,95
PF01201	200,209,94
PF03965	62,134,193
PF19118	131,183,58
PF01656	156,204,101
PF00437	85,224,120
PF00482	206,169,88
PF07992	187,91,142
PF01230	82,201,67
PF01873	66,201,88
PF01409	79,126,187
PF03484	228,93,160
PF17759	97,226,146
PF01053	202,80,201
PF00561	94,75,185
PF01180	191,172,49
PF00175	194,52,52
PF10418	183,152,68
PF02452	187,132,73
PF01557	64,222,175
PF00736	92,83,221
PF07754	194,88,177
PF06197	179,82,127
PF02597	80,140,208
PF01370	165,182,49
PF04367	191,162,76
PF14805	185,77,56
PF01978	187,209,69
PF00289	185,192,52
PF02786	169,53,209
PF02785	75,123,183
PF02680	79,53,185
PF01988	146,194,88
PF03328	83,228,165
PF01575	207,82,142
PF03073	186,75,197
PF04013	105,186,226
PF01325	97,211,175
PF02742	82,208,119
PF01521	122,82,215
PF05222	181,62,152
PF01262	222,163,105
PF12769	193,161,61
PF02233	187,79,111
PF16156	56,148,194
PF01797	75,183,130
PF07282	228,144,110
PF17862	186,133,56
PF02933	203,183,50
PF02359	195,124,96
PF01936	187,93,133
PF00581	194,187,48
PF06550	162,94,211
PF01885	157,225,100
PF14010	58,59,207
PF09996	82,180,218
PF03061	60,194,202
PF00248	74,186,65
PF13482	63,185,184
PF06094	205,154,88
PF02464	74,82,207
PF01564	219,178,59
PF00268	226,110,178
PF00141	120,54,203
PF00909	210,89,155
PF02423	212,95,173
PF02006	66,89,188
PF13417	99,200,116
PF00578	189,81,187
PF01625	223,79,128
PF00582	86,204,57
PF07859	190,81,124
PF20473	53,127,214
PF01963	66,49,190
PF01883	179,59,112
PF02729	220,80,201
PF00185	111,227,63
PF07927	209,163,59
PF01796	93,206,81
PF12172	175,98,208
PF02803	144,88,199
PF00108	77,58,189
PF03167	93,66,193
PF00355	145,197,55
PF01593	169,91,194
PF13450	199,51,94
PF02910	56,89,204
PF00890	94,128,197
PF04306	179,99,217
PF04186	205,52,62
PF00227	81,155,225
PF17214	157,89,213
PF07650	150,189,91
PF16661	85,114,220
PF10996	163,198,97
PF07521	194,85,217
PF01884	83,93,187
PF13263	65,181,120
PF13520	124,93,228
PF19590	204,89,219
PF08542	144,100,212
PF00133	105,215,57
PF08264	216,79,164
PF19302	61,198,133
PF01973	85,223,211
PF00462	179,69,72
PF01722	158,214,94
PF01494	87,221,169
PF12706	180,96,197
PF19094	204,94,169
PF02361	186,96,215
PF02632	194,63,160
PF00117	216,223,85
PF02778	208,76,160
PF01974	120,181,55
PF19288	74,99,212
PF01259	84,123,200
PF02700	202,73,63
PF13507	184,73,89
PF00317	93,190,126
PF14528	93,78,225
PF02867	132,57,179
PF14890	80,213,144
PF01876	73,180,60
PF01900	90,111,201
PF10584	152,227,99
PF01172	195,80,200
PF09377	194,90,118
PF20268	76,87,202
PF00416	196,60,193
PF00411	92,187,153
PF01000	195,218,70
PF00828	50,139,188
PF00572	164,202,76
PF00380	214,186,60
PF01194	86,179,56
PF01192	59,112,220
PF03952	199,91,89
PF00113	199,73,129
PF00318	150,229,70
PF00288	225,106,217
PF08544	195,87,90
PF00696	224,65,151
PF01070	200,190,82
PF00753	195,70,72
PF00348	72,206,136
PF00749	151,219,69
PF03950	217,89,186
PF20974	72,149,213
PF01895	53,63,204
PF04014	72,96,211
PF12849	82,201,188
PF01758	191,81,194
PF00732	68,165,179
PF05199	92,99,219
PF03706	84,103,214
PF00535	213,83,71
PF13231	137,79,202
PF10518	178,62,135
PF03214	80,179,175
PF20696	95,226,195
PF01977	57,213,111
PF20695	68,204,196
PF03109	227,210,85
PF00011	168,192,94
PF04167	162,71,192
PF07676	105,101,228
PF00326	77,131,212
PF00730	118,51,194
PF00583	58,200,225
PF03129	55,114,198
PF00587	222,111,83
PF08915	104,220,158
PF18446	128,189,62
PF13462	71,188,111
PF02600	131,71,199
PF00398	91,71,191
PF05175	177,199,78
PF13656	80,82,224
PF01694	71,178,94
PF02254	219,76,144
PF07885	175,224,79
PF01641	145,89,193
PF03773	207,57,167
PF00122	186,141,48
PF03625	215,55,117
PF09851	208,205,95
PF10609	179,79,190
PF03916	203,175,63
PF13247	60,217,69
PF16947	189,197,96
PF00702	196,50,106
PF00403	219,66,85
PF13404	90,105,184
PF08394	87,205,54
PF13419	101,223,153
PF01047	151,61,191
PF01096	192,60,224
PF02150	207,174,87
PF00271	67,155,181
PF00270	78,148,181
PF04244	202,127,91
PF01613	128,86,192
PF02913	80,187,147
PF01565	66,201,210
PF18780	221,157,106
PF02852	81,207,179
PF14337	122,91,206
PF00106	143,194,50
PF07705	209,138,89
PF17231	89,90,223
PF01609	70,114,183
PF08438	157,216,67
PF01343	54,183,187
PF00762	58,186,144
PF00206	70,192,185
PF10415	190,146,83
PF19137	112,105,217
PF00543	222,222,76
PF02885	187,74,115
PF00591	155,211,84
PF00697	156,78,210
PF00920	223,73,90
PF00682	79,182,94
PF08502	55,187,124
PF02776	162,99,211
PF00205	49,184,95
PF02775	208,80,92
PF01842	85,137,216
PF10369	180,93,214
PF07991	216,67,206
PF01450	93,187,154
PF01985	225,70,60
PF01784	69,126,191
PF14342	219,115,76
PF00884	100,153,202
PF01925	107,117,219
PF02080	96,200,127
PF00999	122,218,106
PF01176	191,77,164
PF01293	225,165,68
PF00209	216,164,90
PF13367	216,103,144
PF01161	96,221,75
PF02586	185,139,81
PF01699	200,163,72
PF08696	70,83,197
PF13086	77,219,59
PF13087	218,83,177
PF01940	89,189,124
PF01255	173,213,56
PF01206	61,209,74
PF04143	81,74,199
PF13641	184,124,82
PF13578	148,206,97
PF00285	187,130,78
PF18913	173,211,73
PF00316	65,123,180
PF08279	197,149,90
PF05016	125,84,212
PF06745	199,220,58
PF03946	212,81,109
PF00298	180,225,99
PF00013	84,189,105
PF01208	125,186,73
PF01137	186,53,163
PF01863	193,83,104
PF11867	164,68,185
PF18766	216,82,72
PF04313	120,201,78
PF01420	207,200,102
PF12161	165,74,197
PF03235	96,165,218
PF12158	186,98,207
PF07441	68,180,77
PF13091	181,108,86
PF00115	165,56,196
PF00116	196,152,86
PF12840	166,219,70
PF04967	213,65,77
PF13186	217,153,102
PF04982	209,63,88
PF07732	71,54,206
PF10006	91,201,167
PF00171	209,60,171
PF01385	73,190,229
PF01425	182,200,78
PF00210	93,160,223
PF04471	108,54,182
PF05960	93,213,213
PF01894	103,65,206
PF13508	164,217,83
PF04893	195,117,63
PF01066	52,183,123
PF13238	149,189,85
PF00155	139,179,62
PF09520	212,218,55
PF00145	58,72,182
PF00899	213,68,137
PF19098	222,173,70
PF00204	68,84,217
PF01751	82,188,187
PF00986	197,169,93
PF00521	63,145,202
PF03989	93,88,195
PF07826	184,189,88
PF02697	61,195,130
PF20979	212,115,83
PF00764	47,125,179
PF13840	108,146,219
PF01877	204,160,79
PF00970	161,77,207
PF01910	183,46,120
PF03683	191,207,81
PF00493	197,57,166
PF17207	63,183,100
PF14551	201,94,92
PF19148	69,164,202
PF00239	227,58,76
PF07508	71,153,192
PF00382	168,101,220
PF19502	62,103,198
PF13191	71,130,185
PF09079	92,71,203
PF09254	228,75,110
PF07187	214,58,95
PF01889	153,187,58
PF05362	213,56,118
PF00127	73,222,104
PF07681	74,155,209
PF12802	202,63,116
PF13614	117,180,81
PF05729	92,226,142
PF01638	53,132,179
PF12705	141,80,202
PF13401	201,88,150
PF17855	175,82,203
PF00903	193,155,75
PF03176	210,137,65
PF04068	210,115,80
PF01728	182,195,66
PF13240	203,82,198
PF09685	98,53,185
PF00111	95,128,223
PF00924	215,153,96
PF21082	74,57,182
PF04255	75,183,207
PF00708	84,216,167
PF17835	100,190,62
PF02787	214,146,90
PF02142	55,68,195
PF03699	79,95,180
PF01139	88,154,204
PF01951	223,108,96
PF01487	72,176,212
PF01959	79,119,226
PF03465	196,211,91
PF03463	78,222,126
PF00254	194,183,92
PF02899	144,180,66
PF08706	148,97,217
PF19263	181,79,86
PF06314	47,187,113
PF01555	56,199,96
PF02441	49,197,174
PF01983	72,192,146
PF04199	195,79,126
PF00156	66,205,196
PF08423	97,146,211
PF03447	218,144,64
PF00742	189,209,62
PF00342	225,95,98
PF09844	78,176,198
PF02748	182,121,86
PF01948	164,214,81
PF00121	137,64,208
PF04472	195,74,121
PF01472	89,77,183
PF13646	53,181,103
PF14520	199,69,205
PF01106	175,67,226
PF03190	131,85,217
PF04032	86,181,116
PF01725	220,111,109
PF08069	98,201,69
PF00312	92,205,87
PF02272	98,197,106
PF18158	185,133,72
PF01982	195,91,209
PF00926	118,211,73
PF03364	87,215,190
PF19810	82,153,191
PF01402	143,76,222
PF00120	74,168,186
PF03951	205,107,73
PF13412	86,109,197
PF01037	132,69,213
PF04123	100,123,220
PF04307	178,58,183
PF19099	74,199,224
PF20068	186,62,137
PF09846	58,98,199
PF09845	195,70,63
PF01921	225,163,104
PF10120	207,85,195
PF20126	223,79,165
PF06146	60,155,221
PF02073	76,217,99
PF01717	92,208,79
PF00977	216,105,134
PF13977	185,116,72
PF12710	95,200,196
PF06677	194,76,152
PF02732	218,107,103
PF21210	88,191,154
PF13576	87,206,89
PF01874	192,60,80
PF04289	64,80,223
PF20766	228,218,76
PF09173	47,185,158
PF18477	160,94,201
PF03876	178,199,55
PF00575	62,215,216
PF06093	191,74,226
PF04019	59,158,183
PF01282	229,221,71
PF01599	85,182,189
PF00814	219,56,226
PF01634	89,92,195
PF08029	109,190,76
PF06966	67,65,197
PF08442	70,159,198
PF00549	228,60,77
PF02629	110,91,184
PF00448	52,204,148
PF02881	62,204,204
PF02996	152,69,216
PF01775	128,192,89
PF01912	65,131,222
PF01198	189,48,60
PF00832	80,164,179
PF02403	62,204,168
PF01191	66,183,178
PF04563	164,206,100
PF04565	90,146,213
PF04566	205,143,59
PF04567	87,222,201
PF00562	192,91,218
PF04560	183,91,123
PF04997	81,106,228
PF00623	141,105,212
PF04983	83,193,122
PF05000	228,187,107
PF04998	178,49,179
PF13184	91,205,214
PF18480	191,143,93
PF02926	67,200,130
PF21238	180,61,67
PF00478	91,64,188
PF00015	187,104,47
PF00752	83,94,199
PF00867	53,184,154
PF11987	181,88,95
PF14578	156,224,77
PF11848	208,160,83
PF13291	201,227,80
PF01042	185,219,68
PF13636	187,93,206
PF01200	143,224,74
PF01253	140,64,196
PF00162	64,186,140
PF02535	73,116,204
PF12679	96,203,110
PF07790	212,90,113
PF00483	118,182,51
PF00132	160,210,66
PF14602	190,98,48
PF13522	48,145,185
PF03444	198,62,102
PF13426	76,166,219
PF08448	130,79,186
PF08447	82,89,179
PF08663	199,67,69
PF18330	88,219,137
PF09414	198,112,67
PF08745	133,86,192
PF03464	60,114,206
PF04402	98,74,223
PF03485	193,63,178
PF00750	117,215,71
PF05746	149,65,205
PF16450	101,229,89
PF02086	81,226,123
PF00809	116,86,194
PF02875	159,208,93
PF08245	196,96,129
PF01808	188,86,52
PF01256	91,101,210
PF03853	223,113,78
PF14810	193,110,90
PF01515	86,222,199
PF03949	199,175,83
PF00390	64,211,137
PF13380	116,189,65
PF00488	155,78,216
PF01008	71,185,89
PF00677	140,204,91
PF01384	63,157,221
PF10028	91,196,78
PF00338	71,213,114
PF01406	65,56,193
PF09190	209,65,68
PF12643	211,103,128
PF00902	192,163,94
PF07819	197,87,194
PF07853	213,111,91
PF13630	135,202,69
PF21763	184,152,74
PF13714	137,67,210
PF02686	83,125,218
PF01949	148,69,210
PF01927	79,228,147
PF14791	71,178,109
PF14716	166,91,190
PF19101	148,220,102
PF01428	152,104,219
PF13742	224,123,97
PF02601	104,88,222
PF00662	196,92,105
PF00361	219,105,162
PF10070	68,149,202
PF02609	186,94,61
PF02511	65,135,180
PF01026	96,221,156
PF04038	103,220,169
PF09754	205,164,78
PF03685	192,61,137
PF13476	53,78,205
PF13166	192,92,189
PF14748	110,104,225
PF03807	189,201,95
PF00393	133,190,71
PF17647	66,215,152
PF05154	228,200,107
PF13248	140,66,214
PF05573	119,76,221
PF02074	117,68,195
PF01558	76,110,214
PF01855	184,60,47
PF17147	193,80,107
PF13559	188,67,156
PF01810	179,142,81
PF00085	91,193,94
PF04134	93,73,187
PF09202	75,181,134
PF01163	153,204,68
PF12146	217,195,90
PF12724	200,92,160
PF07995	216,101,207
PF02630	217,102,112
PF00989	102,198,208
PF13360	224,102,118
PF07831	69,100,219
PF00016	198,196,55
PF02788	79,229,195
PF03055	209,97,91
PF08676	207,82,217
PF01119	156,79,186
PF13589	74,140,192
PF05192	192,65,51
PF05188	210,212,97
PF01624	99,226,180
PF04892	205,67,89
PF00464	75,150,178
PF20463	190,61,180
PF02153	82,184,81
PF08543	135,49,196
PF19115	132,54,193
PF04952	83,191,99
PF04240	89,179,88
PF00494	55,129,179
PF08443	146,59,179
PF19276	191,48,60
PF01966	196,154,56
PF01887	97,212,115
PF20257	173,47,182
PF13793	48,192,62
PF01928	104,218,155
PF02666	90,193,130
PF01025	102,226,100
PF00012	83,131,201
PF00226	101,188,75
PF01556	213,75,205
PF01063	178,93,51
PF01269	184,50,57
PF01798	114,219,64
PF00408	214,97,176
PF02880	88,193,65
PF02879	153,71,190
PF02878	187,78,113
PF01994	95,171,228
PF01849	182,155,84
PF04919	108,160,218
PF03874	210,196,58
PF01157	71,138,224
PF00290	69,179,114
PF00218	52,196,134
PF02537	222,118,86
PF04087	54,210,147
PF00208	77,209,149
PF02812	175,218,69
PF04894	85,218,71
PF04895	157,80,223
PF14947	87,181,118
PF07581	86,163,186
PF01933	226,62,75
PF00136	191,91,95
PF03104	74,159,220
PF00334	179,80,69
PF01246	181,54,91
PF01248	197,173,90
PF15515	69,206,112
PF09376	196,131,55
PF08753	96,224,79
PF08271	94,184,189
PF01336	176,84,194
PF16900	147,72,188
PF00892	121,184,60
PF19769	196,97,126
PF01135	97,212,207
PF04312	198,95,128
PF04023	190,88,190
PF19131	68,189,138
PF11563	54,202,84
PF01584	84,189,180
PF01739	81,181,226
PF03705	191,81,92
PF04509	81,89,201
PF02895	193,84,216
PF01627	219,96,115
PF01339	158,226,107
PF04283	76,97,214
PF01917	165,221,80
PF04659	221,210,97
PF05377	119,200,52
PF02643	55,202,165
PF03070	109,229,135
PF01127	203,108,70
PF13085	215,59,121
PF13183	51,192,110
PF00198	49,197,157
PF02817	91,102,201
PF01571	82,222,211
PF08669	96,87,219
PF01131	70,179,84
PF01396	138,73,223
PF01981	63,121,183
PF01142	84,177,227
PF00885	49,186,130
PF01478	52,168,183
PF06847	176,228,104
PF09180	219,136,92
PF00490	170,196,61
PF19122	64,187,142
PF01048	203,93,213
PF00324	205,69,122
PF02222	164,85,181
PF17769	186,76,96
PF00731	65,190,175
PF19609	192,102,65
PF02602	130,97,219
PF03900	225,208,96
PF01379	183,182,61
PF04104	169,199,91
PF00705	84,185,130
PF01872	213,147,88
PF01970	228,135,60
PF00467	88,166,208
PF03439	209,74,124
PF12327	173,93,191
PF00091	205,69,65
PF04414	181,148,80
PF00958	164,225,94
PF06418	62,217,178
PF13167	209,77,103
PF16360	159,199,60
PF05742	113,88,193
PF01866	198,116,77
PF01171	82,188,226
PF01036	215,95,212
PF12773	153,84,227
PF09876	70,212,97
PF01590	101,91,219
PF09858	87,188,184
PF13740	144,186,57
PF01226	108,184,65
PF02386	179,59,81
PF00857	224,110,200
PF01594	180,86,88
PF07311	73,70,181
PF02598	172,221,83
PF00297	220,73,216
PF00573	101,214,157
PF00276	91,141,189
PF00181	161,218,107
PF03947	62,110,223
PF00203	153,105,213
PF00237	121,63,182
PF00189	198,76,114
PF00831	90,211,107
PF01868	200,71,220
PF00366	55,209,218
PF00238	168,67,190
PF16906	229,228,95
PF08071	198,50,192
PF00900	113,69,204
PF00281	188,64,120
PF00673	174,52,179
PF00253	200,97,63
PF00410	104,182,76
PF00347	86,121,213
PF01655	162,67,205
PF01280	213,89,84
PF17144	201,54,80
PF00333	198,152,72
PF03719	183,50,65
PF00327	184,83,190
PF10559	75,174,182
PF00344	180,198,79
PF02978	226,175,63
PF03972	69,190,130
PF19305	153,64,190
PF01944	182,192,86
PF02416	58,222,109
PF18859	183,72,88
PF01242	104,213,141
PF01329	129,88,186
PF06508	70,167,219
PF13194	90,209,145
PF02308	174,193,77
PF00081	89,96,224
PF02777	210,87,193
PF06695	198,118,64
PF18079	180,45,146
PF04493	56,64,193
PF03721	102,171,218
PF00984	84,165,212
PF03720	127,69,188
PF05050	173,199,69
PF04577	119,213,61
PF02348	163,101,216
PF02826	190,73,148
PF17836	196,205,51
PF13483	216,107,66
PF01041	130,64,203
PF01637	86,202,136
PF03008	199,51,150
PF01663	136,90,212
PF01507	77,202,169
PF01569	152,209,82
PF18306	227,83,218
PF02683	59,65,197
PF08534	184,88,178
PF15960	170,89,222
PF01935	209,85,194
PF08541	83,229,152
PF08617	196,107,55
PF21280	210,53,188
PF20470	197,128,96
PF08489	107,184,74
PF02463	179,92,71
PF02616	189,121,74
PF07747	67,141,196
PF13378	189,66,140
PF02746	87,209,202
PF11127	227,90,70
PF10633	221,147,90
PF13187	100,134,207
PF02754	82,196,225
PF03476	171,217,97
PF01769	84,180,71
PF17909	204,149,74
PF01862	89,183,211
PF03911	98,92,211
PF01980	206,70,119
PF07683	58,52,198
PF02492	202,146,93
PF13379	137,191,65
PF02421	191,74,191
PF13738	64,88,212
PF00096	63,218,102
PF13894	188,93,104
PF01297	184,88,183
PF00950	173,201,92
PF01891	151,86,184
PF07726	187,224,78
PF17863	149,207,93
PF01882	77,223,228
PF17884	75,210,197
PF12900	182,46,77
PF03703	221,197,60
PF02374	55,103,196
PF00313	192,87,181
PF02540	180,69,212
PF10397	224,62,159
PF04127	107,72,192
PF00709	191,84,57
PF03966	206,66,167
PF03441	49,55,178
PF00875	196,89,185
PF14464	52,105,180
PF08774	223,74,143
PF02934	67,75,198
PF02637	106,79,181
PF01545	87,81,220
PF01864	66,80,227
PF06559	68,162,188
PF15461	203,146,73
PF09274	101,70,187
PF13607	68,185,118
PF19045	229,124,91
PF13549	207,131,65
PF13500	147,83,206
PF07085	85,182,74
PF20565	139,218,74
PF01946	63,84,207
PF00800	80,167,191
PF14697	55,178,148
PF03091	210,115,68
PF02163	214,138,75
PF04475	89,220,211
PF00275	148,81,212
PF01368	61,213,147
PF16199	100,195,223
PF01896	214,60,99
PF00701	171,70,189
PF01113	224,225,86
PF05173	62,56,213
PF01678	61,132,190
PF01956	156,194,79
PF13207	58,107,197
PF01300	180,90,205
PF03168	191,56,57
PF13386	183,167,52
PF05048	197,101,59
PF01061	177,92,187
PF04238	169,180,79
PF00510	84,208,125
PF03626	111,73,187
PF11255	210,213,68
PF01780	98,213,157
PF03604	87,147,191
PF09341	191,73,68
PF01920	48,76,193
PF03692	188,102,90
PF13519	70,190,120
PF07584	97,170,206
PF05239	198,200,72
PF00459	110,49,179
PF01513	176,73,208
PF20143	134,89,180
PF00586	90,213,138
PF02769	194,51,80
PF03007	66,216,123
PF06974	130,211,90
PF04018	128,211,79
PF00089	83,158,225
PF01941	165,178,53
PF19096	187,57,87
PF01264	202,94,153
PF16177	126,64,182
PF08704	190,66,148
PF00507	87,198,134
PF01058	168,89,216
PF00329	71,141,205
PF00346	70,203,151
PF00146	62,152,200
PF02679	60,137,220
PF00499	226,75,84
PF00420	222,220,101
PF01986	149,212,61
PF02195	111,220,97
PF19295	81,189,122
PF01458	95,190,47
PF01592	49,190,51
PF04107	225,110,67
PF01467	188,83,184
PF09084	70,193,87
PF18754	118,225,106
PF03460	217,94,194
PF01077	114,192,63
PF01903	179,77,100
PF18069	160,55,191
PF18009	180,86,71
PF00590	77,134,201
PF00805	97,212,209
PF08707	83,188,157
PF04820	200,143,75
PF02844	101,195,93
PF01071	74,60,194
PF02843	136,72,185
PF01902	90,197,203
PF04010	140,80,188
PF00368	95,194,108
PF06415	83,155,185
PF09826	102,184,67
PF14437	155,207,101
PF05854	78,186,97
PF02774	96,210,198
PF01118	62,199,52
PF02002	184,90,107
PF09883	209,203,97
PF19119	178,204,92
PF03684	224,119,78
PF13685	184,99,222
PF01145	206,76,90
PF01957	228,175,62
PF00252	60,162,221
PF01435	73,141,180
PF01870	218,103,187
PF03833	130,204,98
PF05090	93,203,67
PF13588	185,78,93
PF13470	229,85,89
PF02110	224,228,69
PF02581	182,81,98
PF06941	92,216,178
PF01432	221,81,66
PF08439	195,66,121
PF13474	197,90,211
PF04250	169,72,227
PF19656	215,99,143
PF07411	120,73,216
PF01653	66,209,207
PF03120	53,208,134
PF12826	132,208,72
PF00533	169,182,50
PF00474	223,157,62
PF13937	69,109,199
PF15915	185,84,107
PF04191	223,99,124
PF05990	169,74,193
PF08608	149,49,190
PF12832	207,149,88
PF00815	197,174,55
PF00152	123,211,76
PF01813	179,82,47
PF00006	166,85,189
PF02874	159,90,194
PF16886	210,75,190
PF01990	155,95,208
PF01992	81,206,214
PF01991	87,226,140
PF00137	220,107,108
PF01496	135,223,69
PF16999	80,204,160
PF02866	122,83,220
PF00056	95,54,187
PF07934	213,168,54
PF19304	95,193,118
PF04930	176,202,91
PF00689	92,198,205
PF00690	194,58,193
PF21344	182,102,81
PF19146	86,223,183
PF00215	108,70,204
PF13393	119,192,89
PF01984	80,215,62
PF01090	205,84,190
PF04434	151,188,91
PF02089	225,199,103
PF03099	207,90,222
PF02237	109,217,101
PF13664	141,194,82
PF01871	214,90,198
PF01729	217,77,186
PF00808	57,228,224
PF01503	204,151,81
PF01174	220,125,74
PF01680	183,72,125
PF02445	221,118,89
PF02749	196,116,82
PF10576	197,79,103
PF00935	190,87,84
PF01667	71,206,72
PF07541	115,200,78
PF04135	77,189,103
PF02577	75,106,204
PF02457	76,195,130
PF19294	73,161,192
PF21485	99,59,219
PF13570	191,86,62
PF00833	72,61,191
PF05569	185,69,68
PF00579	72,173,219
PF05853	153,205,82
PF01169	152,105,224
PF01493	206,85,169
PF01645	99,180,50
PF04898	219,60,153
PF00310	79,219,109
PF05425	185,57,171
PF03686	195,51,197
PF07998	124,227,95
PF01893	71,205,52
PF02261	194,55,140
PF02896	63,200,174
PF00391	150,86,205
PF01326	141,80,206
PF13242	79,80,185
PF13344	72,189,84
PF09334	176,214,70
PF19303	50,181,169
PF01588	224,91,220
PF00763	110,196,97
PF02882	109,135,224
PF00687	118,52,196
PF17777	58,186,208
PF00428	201,184,95
PF01015	85,160,181
PF20436	81,226,188
PF00158	82,120,200
PF01078	229,84,178
PF13732	65,166,221
PF00352	199,83,127
PF01170	86,80,203
PF05670	183,174,56
PF05833	189,87,114
PF02548	119,192,66
PF05342	102,182,89
PF08494	77,121,178
PF19306	62,186,138
PF14158	71,207,137
PF00118	93,188,97
PF00773	68,185,78
PF02558	70,204,214
PF08546	179,125,87
PF01899	76,179,106
PF04066	213,73,82
PF03334	205,74,165
PF13244	163,70,218
PF20501	69,164,186
PF04039	94,200,164
PF02649	83,156,178
PF12831	229,164,71
PF13307	199,123,98
PF06733	53,195,63
PF21800	188,174,65
PF13279	92,57,209
PF01923	90,219,218
PF03992	156,182,89
PF06778	77,155,200
PF01261	206,208,60
PF17763	111,216,61
PF00710	131,204,73
PF18195	186,149,92
PF14698	133,212,89
PF02661	107,95,197
PF05165	47,179,79
PF10040	69,109,211
PF18320	126,186,48
PF01930	78,143,221
PF01867	197,122,56
PF09827	181,74,160
PF13414	216,83,83
PF13431	54,202,172
PF04242	208,72,102
PF13809	162,204,94
PF18072	95,110,194
PF19138	89,188,125
PF09920	92,210,82
PF02005	82,209,161
PF04029	73,184,209
PF01636	102,76,226
PF00160	138,188,71
PF16916	57,74,187
PF16502	226,72,194
PF13563	181,89,176
PF13603	83,54,185
PF06463	182,81,81
PF03205	102,225,96
PF02391	95,203,144
PF00174	54,190,117
PF03404	80,225,110
PF00994	116,67,191
PF03454	205,88,80
PF03453	99,71,194
PF13531	70,228,198
PF04545	199,118,59
PF14601	71,219,135
PF01967	195,169,91
PF00719	190,69,65
PF01922	203,136,58
PF08282	60,97,207
PF04981	199,52,127
PF02355	73,194,214
PF01351	148,184,75
PF01909	195,70,130
PF21133	104,62,194
PF09249	190,90,62
PF04293	201,126,97
PF04285	179,216,62
PF06798	220,71,101
PF08298	189,190,81
PF00092	194,74,220
PF01411	117,105,213
PF07973	94,147,204
PF05343	136,88,180
PF01189	82,196,58
PF17125	110,224,136
PF18317	64,152,212
PF08501	186,112,82
PF00827	65,99,208
PF21473	188,100,62
PF19646	211,60,117
PF00296	193,195,67
PF17146	100,188,91
PF19120	117,190,51
PF21180	208,201,71
PF20768	211,107,68
PF04406	84,90,220
PF18000	194,87,189
PF09239	84,184,57
PF02381	145,214,98
PF13409	161,192,66
PF13410	147,77,191
PF00988	76,215,59
PF04034	54,71,213
PF01020	181,70,192
PF00475	80,218,211
PF01916	159,83,179
PF13551	100,69,192
PF07728	187,91,175
PF13203	225,72,111
PF09967	60,188,90
PF02371	84,228,166
PF01548	227,61,200
PF00891	150,90,184
PF03301	112,135,227
PF06762	205,154,100
PF05448	197,95,177
PF02353	88,196,61
PF02541	225,108,77
PF04417	205,101,95
PF04977	62,215,90
PF01476	225,69,56
PF06737	182,135,87
PF03259	56,215,141
PF03029	178,95,87
PF11991	55,52,190
PF01212	193,98,54
PF20087	220,85,224
PF03819	190,203,97
PF13624	87,110,204
PF00584	187,192,63
PF01844	162,193,84
PF18014	196,82,97
PF04165	168,91,202
PF13597	189,151,93
PF17912	179,201,51
PF01547	184,135,81
PF13424	214,212,75
PF01314	57,181,181
PF02730	228,98,63
PF00654	157,63,182
PF01676	184,123,91
PF09840	206,79,131
PF14382	96,201,136
PF04389	64,181,216
PF04138	92,211,206
PF21572	209,68,100
PF10869	131,78,222
PF13680	191,220,82
PF13692	55,170,212
PF08323	118,217,80
PF02572	112,204,83
PF05763	72,191,79
PF03576	69,210,220
PF14419	183,64,98
PF11495	95,185,86
PF01901	71,214,164
PF04909	186,88,51
PF02834	205,187,81
PF13230	58,120,199
PF13245	87,122,208
PF10150	221,110,214
PF04322	79,198,107
PF01939	72,118,223
PF21003	179,71,49
PF13969	189,72,107
PF01544	102,84,212
PF01904	191,102,77
PF13304	159,215,104
PF11536	197,159,50
PF03459	211,100,164
PF01881	83,124,180
PF18211	61,57,197
PF03750	148,58,186
PF03787	62,169,195
PF09455	217,134,69
PF01905	58,134,198
PF09704	226,81,175
PF13192	89,171,192
PF13098	79,210,223
PF05834	217,77,55
PF13181	198,58,98
PF00596	216,161,103
PF03065	188,127,49
PF09094	121,81,209
PF09095	225,97,139
PF16575	228,214,76
PF04851	87,214,63
PF17284	121,180,60
PF01914	185,141,53
PF09910	189,63,75
PF04017	90,184,223
PF19269	193,186,70
PF07318	113,79,202
PF01112	147,60,183
PF18246	91,211,100
PF02516	67,221,101
PF01523	198,75,137
PF19290	226,86,64
PF19289	90,70,187
PF03192	203,54,111
PF12822	208,54,112
PF11447	90,190,91
PF05971	183,137,84
PF13669	80,211,201
PF03308	99,60,198
PF02310	134,97,205
PF20123	172,51,187
PF17833	217,199,69
PF03657	188,71,120
PF01972	130,86,206
PF21688	162,79,193
PF00112	54,198,131
PF17957	61,130,181
PF17297	84,184,96
PF00821	223,179,88
PF10130	168,73,181
PF21244	124,50,191
PF06849	152,210,68
PF06973	212,104,156
PF02915	67,224,127
PF01841	166,213,56
PF04254	68,195,214
PF13023	226,63,170
PF00953	70,149,192
PF21350	102,210,58
PF01989	200,92,138
PF04412	188,58,57
PF04266	187,75,152
PF01886	69,185,54
PF03169	76,226,219
PF02744	73,210,128
PF01087	211,125,75
PF00232	200,124,82
PF10509	93,119,215
PF08843	217,82,132
PF12804	99,143,226
PF02654	69,124,229
PF04608	211,65,215
PF03186	121,86,222
PF07760	76,221,83
PF14258	160,87,192
PF04464	116,97,197
PF01128	65,220,117
PF05168	149,200,67
PF01954	200,144,91
PF14076	219,126,70
PF10049	203,169,70
PF18881	221,62,149
PF16363	89,94,198
PF00908	93,206,153
PF04321	88,193,189
PF09314	47,178,157
PF03481	95,116,225
PF06819	190,75,97
PF05626	220,90,169
PF18458	79,182,99
PF18765	99,226,68
PF07194	225,83,189
PF13690	208,216,95
PF03975	221,220,99
PF02743	201,53,141
PF05161	81,199,150
PF13660	110,71,213
PF02585	180,54,127
PF02449	189,100,70
PF18231	212,141,83
PF18489	196,106,225
PF21100	103,195,91
PF21690	223,187,79
PF02985	228,92,118
PF07381	176,185,60
PF00717	83,179,111
PF06510	183,100,78
PF13173	207,87,121
PF02887	142,219,100
PF00224	182,99,82
PF04587	75,106,186
PF04407	111,151,224
PF01470	145,185,86
PF05916	152,77,218
PF04122	66,221,162
PF01865	194,68,62
PF00795	186,128,69
PF04415	114,83,179
PF03483	210,55,147
PF13463	151,70,187
PF01997	111,228,119
PF02747	50,182,118
PF01177	53,147,183
PF04473	59,97,181
PF03956	209,79,143
PF01750	199,94,56
PF13635	89,138,185
PF06777	159,106,228
PF04252	214,90,218
PF01861	209,104,114
PF14544	228,204,91
PF17832	87,131,209
PF15517	159,190,87
PF11469	145,55,194
PF21476	227,151,99
PF05559	106,58,208
PF03633	93,68,199
PF03632	150,86,201
PF03636	196,138,54
PF02900	216,75,107
PF01950	101,206,136
PF20176	191,210,67
PF04021	205,86,216
PF08351	194,213,84
PF05127	164,85,227
PF13718	95,88,195
PF03266	106,226,115
PF17915	127,92,191
PF02001	81,227,128
PF01955	193,92,99
PF03600	71,170,192
PF02566	61,196,144
PF02579	52,104,192
PF11537	90,193,226
PF02436	226,87,79
PF01074	193,64,163
PF09261	163,203,82
PF07748	55,204,166
PF17677	126,215,67
PF09823	82,89,195
PF04411	209,67,227
PF14691	129,179,60
PF01455	221,67,218
PF01924	61,191,150
PF08859	207,87,111
PF03595	75,146,181
PF07503	145,193,68
PF17788	158,182,90
PF13020	87,195,193
PF00176	95,195,148
PF04465	204,137,73
PF06634	213,99,154
PF04033	192,199,62
PF09658	203,95,111
PF09702	216,63,139
PF01050	186,87,94
PF09488	116,91,190
PF04423	188,53,127
PF05872	125,198,85
PF09378	228,79,126
PF01998	92,150,209
PF02146	225,218,112
PF00931	203,147,58
PF19077	86,85,191
PF01321	179,127,75
PF01244	104,163,211
PF10007	214,87,119
PF17645	194,96,188
PF03746	54,174,188
PF02682	208,92,91
PF02626	90,135,219
PF09369	167,195,66
PF01878	187,65,53
PF21269	215,148,85
PF03069	186,78,145
PF11755	181,147,79
PF07302	213,77,140
PF06675	108,82,226
PF20906	172,217,56
PF06032	178,112,51
PF04027	152,69,179
PF13601	183,104,89
PF02676	179,77,215
PF01029	156,56,181
PF04024	193,75,173
PF01880	216,184,61
PF19583	219,65,202
PF08267	107,61,217
PF02219	66,194,192
PF12225	204,57,99
PF13349	78,202,74
PF04041	55,93,188
PF14809	72,193,116
PF00406	95,168,200
PF10015	192,228,72
PF02830	183,82,116
PF05958	161,61,211
PF21579	142,66,189
PF07969	90,213,100
PF09852	102,213,176
PF02133	218,124,84
PF00860	213,114,92
PF04459	196,83,144
PF19238	169,86,205
PF00150	195,96,96
PF20984	75,208,113
PF16795	73,124,221
PF07664	45,180,140
PF17910	105,89,212
PF03437	195,159,61
PF00565	62,83,211
PF10417	104,225,102
PF03367	201,76,183
PF09171	50,73,183
PF09847	65,224,181
PF01258	200,62,97
PF02663	49,139,180
PF09706	90,205,112
PF16861	195,148,87
PF02543	165,75,183
PF02897	199,58,165
PF01199	224,135,79
PF21436	92,78,228
PF09891	62,61,197
PF02615	94,86,220
PF09336	183,90,119
PF17179	205,186,70
PF00374	142,181,85
PF08967	76,213,117
PF00375	70,182,189
PF12646	198,59,56
PF01642	171,181,49
PF02568	49,194,88
PF03673	205,137,99
PF01597	225,103,125
PF10050	56,67,216
PF06195	97,122,228
PF06858	78,137,209
PF00432	74,200,141
PF21011	212,98,152
PF10102	209,100,202
PF09874	193,72,87
PF01568	62,214,229
PF00384	85,197,227
PF04879	81,217,203
PF05690	114,226,96
PF13510	203,154,64
PF17806	94,218,118
PF03587	147,54,199
PF01287	89,104,210
PF09210	137,215,97
PF05124	102,222,221
PF00294	142,84,178
PF02952	153,84,228
PF20986	186,167,56
PF02641	107,187,64
PF04430	208,79,62
PF13938	201,81,54
PF04016	181,198,97
PF00574	206,96,109
PF00343	180,68,187
PF11897	180,83,205
PF01661	192,187,92
PF01602	193,73,108
PF12717	72,201,62
PF19026	184,53,58
PF03725	206,84,159
PF01138	79,211,107
PF15985	181,169,60
PF21266	187,163,56
PF04409	178,97,77
PF09638	76,205,203
PF01937	77,217,145
PF01155	194,198,97
PF04951	170,60,181
PF10066	107,214,183
PF00383	82,225,97
PF21711	60,200,200
PF09868	55,179,220
PF01658	58,189,62
PF04009	199,87,151
PF02350	80,113,205
PF04007	72,185,218
PF10437	144,108,228
PF04675	103,227,206
PF01068	180,78,171
PF04679	222,115,87
PF01875	228,187,100
PF17135	176,226,81
PF08068	208,104,85
PF02594	182,86,110
PF01906	218,152,105
PF05681	105,185,221
PF05683	196,121,95
PF16653	190,211,62
PF02608	120,204,81
PF04256	188,104,220
PF18481	89,148,211
PF00782	194,186,93
PF04410	205,64,52
PF03788	203,104,77
PF04172	192,53,140
PF17856	55,83,218
PF06068	71,191,202
PF01247	210,71,169
PF07155	180,67,136
PF13174	86,120,179
PF01918	131,95,198
PF18947	101,199,65
PF14801	65,140,215
PF17956	201,85,166
PF13370	139,216,96
PF02894	180,71,83
PF03553	222,104,211
PF04079	165,184,88
PF08646	208,80,184
PF10672	209,177,58
PF17785	84,228,146
PF04008	86,223,178
PF19022	75,159,178
PF14572	179,77,225
PF14336	227,172,86
PF02545	150,70,191
PF18714	182,89,155
PF06560	101,207,102
PF07549	196,100,96
PF02675	194,209,76
PF10096	210,145,62
PF21478	92,118,210
PF00692	81,210,169
PF05235	90,198,166
PF00487	180,77,171
PF02401	84,117,182
PF13249	142,71,192
PF13243	215,101,109
PF00723	188,220,77
PF09137	54,201,127
PF00128	188,118,66
PF09087	120,54,184
PF02673	209,59,134
PF13491	134,82,190
PF17854	215,145,79
PF01580	198,69,176
PF09397	179,73,220
PF01268	192,176,86
PF18693	63,205,111
PF03486	197,182,58
PF02224	131,91,184
PF01330	218,207,88
PF07499	169,88,203
PF05496	205,76,211
PF17864	206,141,96
PF05491	226,109,101
PF05164	212,104,189
PF00246	56,214,77
PF09989	220,71,153
PF13353	95,152,211
PF05711	105,82,190
PF06722	56,179,145
PF21036	65,201,78
PF00166	120,208,72
PF17754	86,129,212
PF08659	76,225,159
PF14765	171,65,191
PF21089	87,180,154
PF00698	179,70,174
PF16197	140,82,208
PF02801	57,195,62
PF00109	199,122,97
PF13602	144,56,208
PF08990	69,59,185
PF03559	204,73,90
PF08031	200,77,141
PF06500	166,90,216
PF08545	156,65,202
PF21274	177,203,94
PF18369	217,225,94
PF08484	171,88,205
PF13489	93,177,195
PF08421	151,55,218
PF13847	180,184,84
PF03704	122,214,67
PF00768	74,217,194
PF05685	61,105,206
PF05694	89,197,181
PF03320	65,144,211
PF00480	192,89,170
PF02685	220,83,171
PF00370	159,198,85
PF02782	62,225,210
PF01553	114,65,201
PF14681	81,206,180
PF13399	61,119,208
PF20171	180,164,81
PF10128	136,109,222
PF09957	99,111,205
PF13280	87,192,84
PF13625	82,206,73
PF05721	223,157,104
PF17914	111,70,209
PF13177	99,202,204
PF12169	218,102,196
PF20254	178,100,55
PF00196	60,56,219
PF07730	191,176,79
PF11774	92,227,66
PF11716	81,173,229
PF17844	50,178,80
PF03724	174,76,185
PF04140	159,56,197
PF00195	201,100,150
PF12770	69,84,193
PF00498	96,228,72
PF13374	98,61,191
PF14891	69,118,203
PF00353	175,189,79
PF00691	224,175,94
PF01075	64,183,183
PF01219	87,187,60
PF01134	225,82,152
PF13493	224,63,56
PF18731	202,106,219
PF07696	112,193,88
PF07695	209,229,90
PF19313	199,75,193
PF06452	94,166,210
PF04326	208,71,163
PF02502	167,86,183
PF07963	101,226,193
PF00793	222,90,164
PF02698	214,106,137
PF16114	201,83,104
PF00140	197,227,107
PF04542	187,178,63
PF04539	189,203,75
PF01433	51,182,103
PF17831	219,81,195
PF00456	216,99,190
PF13185	132,219,106
PF02129	218,85,96
PF16864	186,92,177
PF07495	72,193,177
PF07724	142,75,187
PF10431	185,223,59
PF00588	109,214,89
PF02954	221,98,226
PF08207	214,110,100
PF01132	71,192,160
PF09285	181,120,69
PF04413	192,199,73
PF04362	108,192,87
PF13432	160,90,183
PF01464	182,89,150
PF05140	217,202,105
PF12694	77,190,135
PF02016	208,56,159
PF17676	98,222,72
PF06271	115,90,194
PF03938	68,190,163
PF07977	196,104,213
PF02578	185,226,106
PF01257	189,85,188
PF13720	213,209,80
PF07478	85,155,194
PF01820	191,87,144
PF01741	81,155,199
PF00756	72,150,198
PF17782	221,63,195
PF02481	81,203,52
PF17209	221,104,156
PF02638	55,65,214
PF14332	208,215,84
PF09723	147,209,96
PF08032	101,223,215
PF21783	210,144,104
PF16258	185,113,48
PF01804	189,201,56
PF03544	158,82,221
PF08281	105,225,221
PF03929	67,183,152
PF01165	76,131,210
PF00905	72,203,195
PF05193	227,101,61
PF00675	112,142,225
PF00990	84,217,140
PF08308	90,227,129
PF02151	50,184,174
PF12344	129,183,71
PF17757	221,222,62
PF03572	172,217,72
PF17820	181,85,57
PF13487	62,137,204
PF00148	228,111,133
PF08369	142,180,85
PF07494	51,194,91
PF01734	67,103,221
PF19576	185,66,76
PF13444	185,58,149
PF09545	122,90,223
PF02397	179,152,85
PF13727	123,68,204
PF03548	53,120,178
PF20772	79,188,220
PF01709	210,54,207
PF00502	92,187,130
PF01975	65,115,188
PF13437	96,201,180
PF13533	195,66,114
PF12291	91,218,178
PF04551	227,101,204
PF10604	214,133,99
PF00119	169,63,209
PF03899	171,78,202
PF17657	124,179,55
PF07733	134,77,198
PF00142	190,123,79
PF19557	88,75,191
PF04390	161,88,221
PF13464	59,137,203
PF13413	190,78,89
PF00033	59,228,147
PF00032	209,76,189
PF01654	74,119,184
PF00873	203,99,110
PF16576	106,221,95
PF07715	128,84,180
PF00593	100,117,213
PF02485	49,188,76
PF05195	59,191,209
PF00484	86,219,152
PF00916	222,95,89
PF07947	184,90,136
PF01668	95,192,54
PF07109	75,190,200
PF13672	200,202,54
PF02636	77,196,157
PF11736	72,160,181
PF01475	127,69,189
PF02321	63,228,218
PF09106	200,200,73
PF09107	202,76,128
PF07685	66,71,224
PF11866	223,187,76
PF09424	151,102,218
PF11213	210,73,133
PF02277	68,182,173
PF13460	58,94,205
PF01740	185,195,69
PF00471	70,199,113
PF13717	188,85,80
PF13581	109,151,219
PF04030	187,49,88
PF13673	205,57,188
PF00300	63,216,69
PF13176	175,178,76
PF07719	88,192,153
PF00025	217,168,99
PF09423	181,78,120
PF10502	190,78,114
PF14255	219,59,204
PF00034	200,50,104
PF00351	53,178,68
PF00075	98,205,223
PF03767	142,180,72
PF02780	64,146,189
PF02779	66,184,151
PF09115	205,93,110
PF13472	191,116,83
PF13541	205,93,225
PF13335	146,223,72
PF00400	96,195,65
PF16811	167,77,204
PF13145	216,66,200
PF04932	185,109,76
PF01424	103,73,212
PF02096	51,186,114
PF14849	215,86,131
PF01809	57,181,116
PF00825	94,202,159
PF00468	103,224,64
PF18916	72,62,208
PF02569	179,184,81
PF00912	179,167,50
PF04657	174,182,90
PF05661	71,134,191
PF20154	121,199,77
PF07994	219,143,59
PF08811	200,68,75
PF07394	139,214,76
PF17827	156,212,67
PF10173	77,122,193
PF09345	74,158,211
PF04012	192,85,72
PF16884	185,57,161
PF02684	209,196,55
PF02562	109,225,112
PF01272	49,152,197
PF03449	78,189,88
PF01225	109,108,222
PF10555	90,190,214
PF21799	106,208,99
PF01098	192,104,214
PF03033	82,129,189
PF04101	61,159,209
PF02873	100,95,219
PF08478	181,89,75
PF03799	68,192,115
PF02491	104,148,213
PF14450	153,228,90
PF06166	210,85,70
PF06149	172,207,73
PF08486	205,94,211
PF05036	61,111,185
PF02576	186,90,129
PF17384	191,80,146
PF08529	56,183,104
PF04760	91,150,190
PF02033	214,71,199
PF20382	211,95,144
PF13616	189,50,63
PF01081	50,169,199
PF13369	185,221,86
PF09752	117,89,192
PF07238	181,146,56
PF14684	220,150,56
PF00595	93,181,74
PF13784	211,116,58
PF06803	217,145,98
PF00625	201,223,71
PF08340	227,98,140
PF03755	183,49,181
PF02773	95,179,222
PF02772	148,98,207
PF00438	191,162,93
PF17768	169,198,75
PF13237	225,65,133
PF00929	182,201,52
PF02504	147,69,229
PF17871	61,118,213
PF02861	78,173,201
PF01436	98,167,196
PF01471	196,81,165
PF10588	223,90,97
PF17848	181,57,110
PF01687	207,94,91
PF06574	146,99,205
PF02912	227,91,58
PF06750	89,105,193
PF01209	75,222,147
PF07291	150,97,224
PF01964	125,198,71
PF13308	138,217,103
PF04116	134,60,201
PF04286	204,74,117
PF06127	202,188,65
PF17770	103,216,196
PF17764	78,189,203
PF18319	173,201,56
PF18074	68,145,202
PF01520	182,62,68
PF14537	210,196,70
PF04366	97,199,158
PF03668	63,130,229
PF13650	58,202,100
PF04773	76,216,211
PF05076	212,89,125
PF10263	202,97,105
PF13004	198,66,171
PF05345	192,98,198
PF02225	166,211,102
PF01252	80,184,153
PF00263	124,223,79
PF03958	65,212,92
PF05157	56,226,227
PF03461	98,102,212
PF02559	141,201,91
PF03641	102,208,123
PF01817	226,162,70
PF03783	84,179,160
PF02699	80,165,199
PF03741	56,204,98
PF00889	58,200,66
PF01765	142,223,87
PF02021	224,165,112
PF13671	62,191,56
PF01202	55,76,206
PF14559	114,228,69
PF19833	229,107,158
PF17191	91,173,184
PF01695	211,151,98
PF06827	225,207,112
PF02410	211,70,94
PF06831	95,216,226
PF01149	195,77,194
PF02012	226,73,182
PF14685	65,205,61
PF02470	179,75,111
PF10345	118,97,227
PF17874	70,107,206
PF20702	207,64,213
PF05198	103,149,214
PF00707	107,53,183
PF01632	214,124,81
PF00453	86,176,194
PF08899	81,91,187
PF03631	89,68,227
PF03255	66,115,224
PF14239	220,84,59
PF14279	84,184,92
PF08797	160,211,82
PF13906	83,145,194
PF13668	61,187,106
PF13442	204,53,108
PF07722	82,106,180
PF06245	205,92,95
PF02595	49,178,186
PF10385	144,215,70
PF02357	88,149,196
PF02574	71,214,127
PF04015	193,202,81
PF02245	184,91,115
PF12766	198,53,101
PF04193	79,93,221
PF02823	83,185,102
PF01790	93,160,227
PF13328	122,85,222
PF03979	180,143,50
PF10410	91,205,155
PF13155	204,80,155
PF08275	106,210,225
PF10601	183,152,77
PF01713	210,59,91
PF05524	127,64,217
PF00381	85,226,125
PF03610	166,193,72
PF02607	167,216,70
PF12728	175,196,53
PF05258	71,203,182
PF00221	114,228,88
PF07920	207,222,80
PF03209	142,213,74
PF03841	62,86,226
PF10069	96,195,57
PF11976	145,80,225
PF02472	89,187,162
PF01618	59,178,202
PF21760	213,134,105
PF00216	211,88,56
PF03726	214,96,134
PF17930	180,70,148
PF06230	204,158,58
PF14339	84,88,179
PF19296	216,145,65
PF01027	59,207,182
PF02768	60,197,98
PF02767	199,219,90
PF00712	193,111,80
PF01218	207,223,103
PF10079	59,200,203
PF04480	208,64,87
PF03852	185,69,105
PF03009	62,164,187
PF01761	106,223,227
PF01103	186,78,150
PF07244	180,113,82
PF00842	171,228,87
PF01168	194,99,71
PF09651	104,196,223
PF09700	191,114,77
PF12469	221,108,224
PF03130	210,94,78
PF00154	74,187,142
PF21096	201,185,61
PF08338	106,191,213
PF07497	76,195,173
PF07498	201,221,90
PF02190	191,200,53
PF06689	62,135,187
PF05698	192,75,135
PF05697	125,87,219
PF13428	108,111,228
PF00392	66,48,188
PF02113	70,170,206
PF01227	207,153,103
PF05982	184,70,206
PF21447	63,152,208
PF08299	46,179,49
PF00308	78,110,208
PF11638	91,125,187
PF17918	207,175,61
PF09243	193,77,192
PF14261	68,107,216
PF13396	100,115,202
PF15601	79,155,208
PF03884	75,163,221
PF02591	118,88,213
PF00311	117,60,221
PF17762	211,70,182
PF02527	67,187,166
PF06421	66,83,190
PF20181	213,210,69
PF06480	203,206,82
PF01434	215,211,54
PF05257	64,163,178
PF10282	217,94,199
PF21016	182,225,63
PF00472	178,213,105
PF03462	75,213,135
PF04794	182,65,161
PF03840	204,54,215
PF00223	152,198,57
PF17886	152,188,54
PF03838	89,213,123
PF21018	203,92,150
PF03602	142,179,53
PF02130	159,199,70
PF14579	58,212,98
PF04248	150,227,103
PF02606	184,86,142
PF02739	196,107,51
PF01367	57,206,138
PF00476	191,140,62
PF14338	152,218,100
PF05552	224,103,194
PF01207	89,186,182
PF10458	204,109,77
PF14103	75,98,192
PF03030	66,220,157
PF09527	224,99,127
PF01715	71,66,201
PF17164	183,89,148
PF17778	207,72,67
PF04613	136,218,100
PF17810	218,55,146
PF14490	220,195,95
PF13604	197,144,87
PF18335	86,164,223
PF13538	63,227,208
PF13451	178,127,84
PF01010	104,153,219
PF06965	212,64,55
PF20732	220,64,142
PF07075	210,106,87
PF06725	220,95,199
PF04028	190,149,65
PF18130	138,66,219
PF13535	180,130,70
PF14907	147,228,101
PF21680	46,183,126
PF13932	221,99,129
PF11992	63,200,185
PF03309	72,202,174
PF03448	178,77,190
PF02670	130,98,224
PF08436	120,214,61
PF13288	179,64,223
PF03088	188,86,199
PF03793	86,151,221
PF03717	78,219,143
PF01795	105,207,93
PF00883	84,121,189
PF02789	61,199,83
PF13490	190,66,182
PF03023	198,181,55
PF01934	51,69,200
PF01969	105,71,220
PF00676	192,86,48
PF00939	181,60,155
PF08712	159,226,94
PF03331	72,135,188
PF04377	76,71,199
PF11306	206,85,106
PF03203	157,73,191
PF01649	83,183,179
PF10825	216,144,102
PF03358	207,105,81
PF07837	91,132,194
PF02971	223,74,66
PF18324	137,69,189
PF09348	77,144,216
PF13411	165,86,184
PF07179	146,62,214
PF00365	58,202,189
PF00930	106,85,227
PF00886	75,113,207
PF13083	218,115,84
PF01782	178,191,59
PF01746	56,141,194
PF01245	54,180,100
PF12973	83,74,208
PF04357	98,177,211
PF08459	73,55,185
PF21095	93,219,98
PF17760	199,141,96
PF17755	77,194,149
PF06968	197,122,73
PF13492	210,53,117
PF07099	185,105,71
PF19838	181,172,51
PF07568	128,201,87
PF05996	115,89,189
PF05724	70,92,180
PF04174	78,149,216
PF04945	77,146,223
PF04519	56,117,218
PF21770	131,204,76
PF02405	54,183,203
PF02590	69,81,181
PF20510	174,201,73
PF08409	83,184,83
PF06491	217,67,110
PF20094	189,49,185
PF03739	170,84,196
PF02043	196,92,70
PF10459	191,132,85
PF08482	182,160,49
PF07879	76,217,164
PF13558	125,191,87
PF12320	122,96,206
PF01288	87,180,142
PF09157	197,90,163
PF12732	211,108,62
PF00376	74,94,193
PF12323	216,110,224
PF21249	80,102,209
PF13567	140,188,79
PF03772	162,59,205
PF09335	201,157,85
PF20260	193,95,109
PF04452	195,60,60
PF08487	120,74,190
PF13768	182,209,97
PF02265	200,82,199
PF13435	77,182,170
PF09699	207,85,216
PF00265	196,88,152
PF02542	92,186,157
PF01210	104,210,105
PF07479	87,116,185
PF01386	150,219,75
PF14693	71,193,157
PF01195	66,208,228
PF01250	71,178,117
PF01281	53,171,181
PF03948	72,224,228
PF18146	191,70,135
PF13361	192,67,208
PF00580	199,73,169
PF06155	117,85,182
PF00430	131,88,195
PF00213	191,111,90
PF00306	85,123,222
PF00231	220,221,75
PF13580	84,103,212
PF03629	128,81,203
PF12631	200,158,56
PF10396	124,61,209
PF01628	221,61,141
PF09179	225,75,154
PF05299	88,187,182
PF17899	76,221,112
PF04085	195,190,93
PF20833	52,191,113
PF00925	226,146,107
PF05114	124,192,81
PF14534	136,52,197
PF02575	135,71,180
PF00743	197,78,74
PF10589	166,80,219
PF00933	123,60,208
PF06835	63,50,185
PF03968	120,208,52
PF06089	72,218,95
PF11104	205,197,86
PF04350	63,69,208
PF11741	191,80,178
PF17136	135,58,195
PF00861	85,191,224
PF00444	63,206,179
PF00163	81,143,213
PF03118	191,217,72
PF01196	118,79,220
PF12627	225,93,223
PF01743	90,104,183
PF21263	52,203,60
PF08359	94,190,112
PF16491	53,128,209
PF17900	103,67,191
PF10693	188,71,115
PF12159	197,188,94
PF13484	215,64,152
PF08331	183,98,54
PF14714	50,199,170
PF15919	203,81,227
PF00255	97,140,218
PF02547	216,105,62
PF18073	208,58,148
PF13481	220,106,101
PF13525	203,90,86
PF03147	78,156,195
PF06052	67,188,78
PF21196	127,213,106
PF00309	185,87,191
PF04963	216,146,87
PF04552	100,205,74
PF01430	99,74,205
PF15902	84,113,216
PF01084	133,191,92
PF06071	88,84,181
PF04754	60,210,144
PF12801	170,199,68
PF05171	129,211,55
PF01648	219,169,89
PF03652	106,81,207
PF00520	52,86,184
PF12867	101,166,221
PF10017	83,224,187
PF04461	191,186,87
PF13398	86,198,206
PF00570	129,210,54
PF01612	178,86,205
PF01398	215,106,165
PF01182	78,218,185
PF02781	77,172,178
PF00479	198,175,66
PF00923	138,196,74
PF06144	51,186,103
PF21694	87,122,219
PF20943	76,195,92
PF04253	126,223,102
PF03279	181,97,222
PF00436	141,93,209
PF01738	217,101,215
PF09609	57,200,137
PF09617	211,74,180
PF02563	182,91,204
PF01832	229,97,181
PF08547	185,204,88
PF20420	79,112,197
PF09988	64,211,224
PF02367	193,217,104
PF12040	95,202,105
PF07638	111,220,105
PF00871	149,197,72
PF13371	205,158,68
PF12796	64,204,167
PF14903	123,101,217
PF14403	93,106,202
PF05227	65,146,210
PF06616	221,58,128
PF07669	107,227,216
PF04168	89,202,120
PF07466	110,177,222
PF01483	63,179,118
PF01223	128,80,190
PF05635	157,209,75
PF01427	202,134,66
PF02696	207,211,72
PF02446	75,178,110
PF12725	71,216,129
PF14815	58,212,216
PF06925	57,190,179
PF03200	118,185,65
PF14031	227,61,176
PF07721	220,190,77
PF14326	99,59,196
PF11899	166,96,193
PF13899	219,206,64
PF11412	224,76,202
PF00854	173,203,53
PF18269	64,215,159
PF09195	90,111,195
PF17801	197,98,223
PF16499	188,97,89
PF14489	210,215,94
PF02660	56,145,210
PF01197	142,51,192
PF11965	172,180,60
PF02514	188,149,77
PF04422	191,221,71
PF04432	119,51,200
PF07284	205,87,150
PF00856	143,209,102
PF03796	166,92,225
PF00772	104,155,210
PF08406	111,79,224
PF10047	177,59,194
PF19788	189,190,86
PF02965	186,91,193
PF07813	215,187,56
PF13911	213,141,105
PF08530	181,71,77
PF13699	69,112,215
PF00076	224,97,196
PF12635	80,94,219
PF13356	125,209,72
PF13362	48,45,181
PF13148	184,153,50
PF01316	133,219,109
PF02863	176,225,94
PF13579	80,194,183
PF11821	189,194,61
PF03928	208,85,88
PF13506	103,90,198
PF11946	113,221,100
PF09594	207,194,60
PF13801	202,59,61
PF05233	88,194,121
PF16789	187,167,92
PF01312	226,72,84
PF09298	129,209,101
PF20388	71,98,222
PF12557	126,200,59
PF08960	82,78,201
PF08780	78,181,126
PF13632	52,199,116
PF04784	106,229,227
PF09837	62,150,214
PF04069	144,220,90
PF14622	121,204,71
PF00035	206,119,75
PF09559	178,69,80
PF18019	104,70,219
PF02625	113,203,78
PF13478	226,90,100
PF13229	52,188,165
PF17937	222,74,205
PF03588	91,221,183
PF08309	207,52,155
PF01514	60,56,201
PF03734	183,223,107
PF10013	120,181,88
PF10722	70,103,213
PF01674	67,171,228
PF02082	87,96,213
PF08148	159,94,212
PF00830	187,225,110
PF16321	200,104,85
PF02482	187,82,100
PF13354	85,194,146
PF08003	132,195,71
PF07264	224,212,76
PF12895	74,201,112
PF07702	198,210,82
PF07287	74,189,118
PF04227	206,69,103
PF02738	199,87,75
PF20256	80,185,103
PF01799	90,143,198
PF19778	225,150,86
PF13749	146,91,218
PF04002	205,53,70
PF20582	90,61,199
PF13310	78,171,186
PF19366	78,221,128
PF01052	89,213,216
PF04347	218,138,87
PF00813	124,85,215
PF01313	225,103,170
PF04095	203,65,99
PF17767	55,192,101
PF01311	166,197,81
PF13675	115,90,220
PF01794	66,217,105
PF13905	148,84,183
PF04371	211,87,224
PF01019	175,104,221
PF13305	87,194,163
PF04187	86,226,105
PF02627	77,184,150
PF09233	82,151,221
PF18135	52,203,88
PF01121	144,208,79
PF02617	186,97,214
PF01833	163,213,53
PF16113	65,132,179
PF02628	94,131,228
PF01364	91,189,93
PF01344	184,68,96
PF02120	64,127,195
PF02108	135,76,224
PF00771	128,212,57
PF01835	102,186,53
PF07703	65,124,197
PF00207	61,191,150
PF07678	85,226,199
PF17973	189,106,63
PF14041	195,56,67
PF14522	212,110,53
PF02085	202,100,205
PF10134	61,194,147
PF00211	81,166,200
PF00817	129,95,194
PF11799	212,98,117
PF06961	207,106,216
PF16658	77,73,209
PF00872	168,217,59
PF12674	76,62,183
PF19907	103,209,108
PF13292	201,109,67
PF13560	137,202,90
PF19621	183,190,52
PF19465	188,79,65
PF01283	133,199,66
PF15632	192,73,153
PF21360	108,171,223
PF02148	56,145,206
PF16472	59,108,215
PF01028	82,200,150
PF02919	79,150,214
PF20364	174,60,189
PF13340	58,193,175
PF13440	94,57,194
PF05922	120,99,204
PF02494	211,135,58
PF17963	91,106,204
PF18551	218,175,104
PF01154	109,212,60
PF08540	180,50,67
PF04455	82,163,223
PF21571	214,157,100
PF21570	80,168,193
PF18689	102,222,56
PF01094	88,208,85
PF01243	111,94,208
PF00515	101,219,95
PF10061	60,102,227
PF13473	49,195,106
PF13453	181,51,85
PF05019	104,227,134
PF01814	53,151,204
PF14518	67,221,92
PF15140	91,221,112
PF00230	187,214,71
PF21320	77,122,187
PF04896	63,136,210
PF01958	128,197,93
PF13031	204,80,72
PF14470	139,62,179
PF08761	120,198,87
PF01400	59,185,213
PF00656	145,86,201
PF04239	180,98,71
PF07731	204,171,98
PF20628	188,215,70
PF03458	121,79,205
PF04744	79,110,218
PF12367	215,83,201
PF12942	59,205,189
PF03241	76,184,118
PF11794	227,72,168
PF08378	59,73,212
PF09630	222,104,199
PF11746	77,112,199
PF02156	90,125,190
PF19580	216,151,73
PF00413	72,184,148
PF17159	74,211,157
PF04182	211,84,157
PF02635	130,90,204
PF17170	198,70,159
PF09489	90,203,199
PF09490	57,178,155
PF04234	211,107,88
PF06736	98,63,187
PF06983	166,187,81
PF07237	83,96,218
PF03729	158,198,51
PF07366	182,168,67
PF08327	75,210,208
PF06348	190,167,76
PF10517	217,58,79
PF17991	196,65,164
PF06150	111,47,185
PF02656	227,203,81
PF03022	217,140,102
PF14417	109,84,203
PF02694	84,190,109
PF07452	52,179,189
PF03239	197,73,152
PF00754	77,217,107
PF14588	179,198,89
PF01774	186,120,92
PF01730	201,84,158
PF02814	179,127,50
PF00449	195,91,149
PF00699	150,210,62
PF00547	192,161,49
PF03253	166,54,213
PF05534	184,61,120
PF18933	156,189,89
PF13246	201,175,81
PF17805	184,95,72
PF08819	204,75,144
PF01915	195,94,155
PF14310	126,221,85
PF09557	95,77,190
PF10957	228,138,110
PF14870	49,56,195
PF06475	197,59,219
PF09360	56,196,94
PF05726	190,150,64
PF02678	68,122,199
PF04042	55,89,188
PF18822	97,198,177
PF20469	125,217,86
PF13175	73,181,144
PF13289	213,54,76
PF09250	207,103,83
PF21262	146,72,181
PF14306	182,111,77
PF01747	146,200,61
PF18930	54,194,107
PF02390	57,145,189
PF14894	72,202,162
PF03357	229,200,76
PF01391	111,123,228
PF07784	89,177,194
PF13205	228,101,170
PF16203	152,75,214
PF13964	103,71,227
PF00030	181,96,74
PF13418	92,211,179
PF03083	206,104,226
PF05974	75,188,170
PF19459	73,181,75
PF02230	135,67,215
PF08386	147,207,64
PF05368	90,184,88
PF10117	192,53,122
PF14824	85,53,207
PF13241	55,86,196
PF06172	214,201,105
PF01596	131,91,206
PF00190	68,191,75
PF04758	109,219,228
PF06912	189,129,67
PF00394	97,68,219
PF02239	57,221,189
PF04343	181,45,70
PF04685	58,196,113
PF04208	226,71,86
PF01888	87,142,220
PF11760	190,112,88
PF11761	187,221,66
PF01890	96,220,75
PF02570	100,106,207
PF18046	108,100,217
PF18297	201,106,65
PF18929	72,62,212
PF11387	77,194,218
PF20554	179,82,91
PF12680	88,217,191
PF07485	108,173,218
PF01551	220,158,109
PF19279	196,102,97
PF00781	191,141,72
PF07088	57,98,227
PF09843	85,175,185
PF04126	82,203,82
PF10143	91,217,167
PF03297	207,77,148
PF09969	136,189,90
PF02796	169,52,191
PF04397	188,53,190
PF14501	100,50,189
PF14535	159,228,98
PF20394	81,140,182
PF04468	166,70,219
PF03711	87,202,79
PF01276	146,73,205
PF16403	58,189,143
PF07943	133,99,210
PF12836	116,70,180
PF10646	155,67,183
PF13710	86,81,229
PF06874	87,136,179
PF12623	88,91,193
PF19594	220,62,90
PF19756	207,55,108
PF01757	83,196,144
PF05523	152,198,66
PF13546	58,170,183
PF13556	140,190,92
PF17853	197,81,204
PF17765	76,84,184
PF13454	157,64,188
PF01583	164,207,67
PF00685	190,136,57
PF07875	228,168,91
PF06971	139,197,59
PF03419	126,182,66
PF11193	214,113,104
PF00497	177,74,228
PF13517	182,78,123
PF10162	125,61,180
PF19860	60,185,185
PF16189	223,56,124
PF16188	68,219,138
PF02525	62,168,182
PF14175	55,217,94
PF13443	132,55,209
PF11167	97,178,209
PF09579	192,151,95
PF03780	201,124,52
PF21645	73,180,120
PF13684	211,107,68
PF07510	166,199,73
PF07602	63,215,115
PF18917	57,144,227
PF05437	193,141,93
PF03591	115,186,74
PF03415	59,157,203
PF14229	217,225,91
PF00801	72,82,187
PF13469	143,208,54
PF00485	49,75,193
PF09350	79,224,129
PF08984	143,215,75
PF18764	74,176,210
PF07691	175,185,60
PF13302	203,85,133
PF13384	187,124,47
PF14353	77,181,75
PF13421	100,211,150
PF20990	223,198,95
PF09972	74,115,217
PF03816	88,114,217
PF07332	100,219,196
PF12277	151,82,187
PF07736	114,206,90
PF18152	94,192,103
PF19960	185,171,81
PF20703	72,181,229
PF04073	185,60,55
PF07136	217,61,222
PF09297	191,128,85
PF09296	187,158,67
PF13480	84,73,202
PF11941	203,61,123
PF03119	77,111,194
PF09862	56,125,213
PF06107	191,59,192
PF07796	197,53,67
PF02922	57,139,213
PF02806	76,215,223
PF20511	187,163,61
PF00071	94,188,200
PF12401	106,224,131
PF18955	173,84,183
PF10035	202,177,80
PF10462	80,66,223
PF09471	187,83,116
PF01619	194,218,63
PF07698	132,212,92
PF07697	214,84,222
PF06439	219,105,134
PF01712	199,113,89
PF02056	101,68,219
PF11975	226,75,226
PF01345	134,85,195
PF02366	69,213,153
PF12688	120,187,93
PF16582	196,196,83
PF13654	208,86,185
PF20437	188,198,69
PF07884	156,211,70
PF10371	202,76,76
PF13769	59,207,175
PF17650	113,202,75
PF17651	200,93,227
PF14574	214,163,66
PF01315	164,84,210
PF03062	215,83,106
PF10041	223,182,74
PF03352	52,200,144
PF01419	185,65,47
PF13676	188,149,72
PF19638	76,165,187
PF17210	87,124,212
PF04020	206,76,73
PF18899	73,201,159
PF14117	55,85,184
PF13376	62,198,140
PF08922	49,147,191
PF19568	195,69,130
PF01704	52,100,181
PF13612	114,96,224
PF18614	221,58,71
PF04384	159,210,60
PF12038	108,221,167
PF04961	183,209,60
PF10025	193,84,81
PF03990	173,194,85
PF07501	80,200,182
PF13529	229,74,112
PF12695	57,49,194
PF02833	228,206,99
PF06182	54,185,130
PF10131	62,162,178
PF11028	194,95,125
PF13196	179,51,119
PF11074	162,96,194
PF08020	189,67,127
PF00932	133,76,196
PF13366	227,142,100
PF16158	209,94,112
PF20773	58,203,129
PF16901	62,114,224
PF07840	151,67,210
PF10105	125,83,200
PF13527	95,194,80
PF03150	193,187,86
PF09445	82,52,189
PF18096	218,89,97
PF05096	86,160,228
PF14524	179,59,122
PF05138	216,195,103
PF06243	218,84,168
PF21814	105,88,198
PF16277	54,207,80
PF14014	197,81,148
PF04456	146,92,188
PF18854	143,195,92
PF18912	78,74,218
PF18030	183,190,53
PF05991	66,206,226
PF05762	160,62,190
PF16656	140,88,216
PF06253	107,224,142
PF03861	129,204,74
PF11700	85,86,210
PF14340	221,77,223
PF02388	195,215,57
PF04237	216,55,84
PF06224	51,66,188
PF04184	194,188,94
PF02604	81,173,218
PF06769	107,179,219
PF13382	49,65,194
PF19728	193,93,177
PF00641	78,63,227
PF02557	219,117,56
PF09587	116,96,226
PF02588	222,106,179
PF09586	164,92,227
PF01148	83,132,194
PF01116	207,95,106
PF18882	80,215,54
PF07021	91,137,216
PF13548	86,187,210
PF00941	191,82,205
PF03450	107,190,88
PF20423	54,201,120
PF06315	140,200,88
PF08445	217,141,101
PF08713	199,74,158
PF03264	62,158,179
PF02335	55,219,99
PF13711	66,70,191
PF10387	185,96,204
PF04264	48,181,139
PF13090	183,149,64
PF17941	203,106,72
PF02503	84,186,116
PF13089	181,82,48
PF16927	228,72,117
PF16124	60,205,222
PF09382	66,99,187
PF14493	95,161,216
PF16745	195,148,67
PF03193	93,128,204
PF14278	100,122,222
PF13787	156,188,56
PF04365	93,123,202
PF12441	166,211,102
PF19961	185,49,96
PF06445	73,82,181
PF14486	192,60,213
PF08450	180,55,97
PF20067	221,95,119
PF08532	52,185,195
PF02836	184,51,161
PF00703	201,75,170
PF02837	103,92,221
PF07729	84,185,136
PF14347	78,226,101
PF05209	216,60,177
PF03775	178,71,105
PF03776	87,182,109
PF04383	92,75,193
PF03575	150,205,56
PF08002	183,55,155
PF04229	204,85,82
PF14262	64,215,110
PF17851	62,186,85
PF10364	210,118,81
PF13807	73,159,187
PF02706	114,88,224
PF03379	94,153,225
PF14384	95,199,84
PF14257	226,88,139
PF03869	57,120,196
PF14358	111,98,206
PF08867	152,185,64
PF02868	208,66,155
PF01447	179,223,95
PF07504	87,212,113
PF17186	80,218,84
PF07143	162,225,110
PF17786	85,221,89
PF17753	136,218,73
PF14329	190,147,71
PF16561	227,142,62
PF12229	154,99,200
PF10552	81,184,96
PF10547	68,133,183
PF09678	156,48,180
PF04655	46,168,184
PF03473	180,71,160
PF20472	179,77,168
PF05066	126,185,59
PF12727	189,83,118
PF04314	178,111,56
PF06897	208,52,188
PF04203	55,193,160
PF08818	60,49,191
PF07687	186,56,128
PF04232	116,97,207
PF06923	77,62,202
PF03608	69,204,225
PF03612	140,218,63
PF07663	130,60,186
PF03829	179,86,74
PF21135	71,214,121
PF08666	198,75,76
PF00359	161,187,53
PF03611	62,78,211
PF02302	225,105,93
PF05532	222,105,206
PF01341	96,212,113
PF08367	212,123,91
PF19928	180,192,85
PF01220	57,92,195
PF05167	221,107,132
PF09569	115,52,192
PF00077	186,104,216
PF13540	124,216,64
PF06114	87,82,227
PF20656	152,55,215
PF01274	216,69,173
PF20659	205,72,119
PF00463	76,193,209
PF14236	201,54,104
PF03596	191,68,174
PF01292	208,96,111
PF09413	55,114,210
PF03100	77,208,116
PF16327	147,220,92
PF03918	205,188,93
PF06296	66,58,193
PF12844	202,212,87
PF04296	144,195,94
PF02634	97,161,219
PF11188	194,155,77
PF03319	54,56,219
PF00936	188,110,223
PF00251	81,90,202
PF08244	97,80,194
PF03480	156,78,204
PF04273	202,115,63
PF13975	212,221,102
PF13350	201,104,71
PF07704	205,92,91
PF00877	224,176,65
PF18348	195,85,139
PF05015	166,181,81
PF10086	162,83,199
PF09913	149,208,68
PF13267	119,107,226
PF12439	203,173,65
PF04294	196,70,197
PF13286	213,74,134
PF01726	162,225,106
PF17289	78,178,158
PF13227	52,186,60
PF10145	94,57,193
PF13102	97,98,195
PF03350	81,184,59
PF10009	195,162,57
PF07484	53,171,199
PF20248	179,163,82
PF19864	194,117,76
PF02872	92,207,201
PF01522	57,190,147
PF11852	73,147,229
PF17967	86,155,182
PF13688	90,78,179
PF02469	72,225,165
PF16296	211,220,55
PF09985	213,147,65
PF02092	90,208,128
PF02091	124,96,216
PF02565	205,84,148
PF11967	98,171,207
PF04075	56,120,208
PF00481	136,96,197
PF17936	75,182,135
PF02018	225,106,183
PF07090	142,188,81
PF13651	54,159,184
PF19420	58,142,194
PF13744	132,217,95
PF00450	64,211,100
PF12544	215,220,56
PF01510	80,151,188
PF05656	120,202,75
PF11290	227,170,103
PF04093	79,217,209
PF13347	200,89,219
PF07091	89,183,78
PF06108	150,179,72
PF10400	94,189,186
PF03160	173,80,179
PF06719	207,170,91
PF10012	170,73,226
PF07653	187,92,78
PF12002	139,223,70
PF16193	169,75,182
PF20935	98,219,203
PF20242	179,83,68
PF07739	57,184,97
PF11139	53,191,96
PF09860	83,135,189
PF00887	58,226,60
PF11667	80,101,212
PF17479	91,220,104
PF11258	96,206,197
PF04525	203,227,62
PF02702	179,91,190
PF02669	108,207,72
PF03814	211,90,215
PF09604	132,189,74
PF16868	184,72,179
PF06742	179,87,74
PF06863	195,109,48
PF09359	68,194,149
PF16316	168,106,227
PF08757	144,56,222
PF12089	181,75,156
PF11950	96,95,206
PF11999	180,215,102
PF05544	57,207,202
PF03306	113,123,227
PF19371	65,209,124
PF15428	220,80,109
PF19293	97,91,189
PF07949	157,83,204
PF13946	84,190,106
PF18884	167,186,55
PF08332	83,131,190
PF17126	225,62,78
PF03733	189,72,195
PF13530	211,222,83
PF17668	190,65,90
PF14249	87,179,144
PF13197	91,192,200
PF13518	66,204,103
PF05597	188,90,209
PF06240	158,64,203
PF19842	61,99,224
PF04151	186,201,72
PF11974	206,64,65
PF11146	74,217,194
PF00028	62,94,200
PF17803	190,98,53
PF13427	57,129,181
PF03806	131,65,181
PF09012	198,172,98
PF14256	105,93,214
PF01960	200,102,67
PF02075	175,58,191
PF03102	192,182,80
PF01055	221,62,160
PF21365	187,58,97
PF17137	187,178,61
PF14446	150,57,207
PF00179	146,199,63
PF08817	80,186,154
PF00350	195,93,217
PF02152	72,208,68
PF02592	205,64,89
PF04265	121,89,190
PF04263	91,92,188
PF02790	90,224,139
PF02104	71,83,195
PF12072	204,60,119
PF02631	165,211,105
PF13343	207,83,154
PF04561	225,206,92
PF10262	207,227,64
PF06267	184,104,61
PF08823	197,50,56
PF18897	54,168,218
PF18906	91,215,200
PF05065	94,184,221
PF04233	228,88,149
PF04860	211,98,138
PF03237	101,64,200
PF11734	190,159,75
PF05163	95,221,102
PF00303	57,211,113
PF00186	58,210,118
PF13679	75,103,185
PF14804	91,167,198
PF13600	82,143,195
PF13598	112,80,185
PF18603	212,141,64
PF16870	180,58,104
PF16078	223,184,78
PF21805	186,91,184
PF09511	65,126,206
PF16242	84,126,217
PF09371	71,110,185
PF10127	229,73,157
PF03976	223,170,96
PF02657	85,189,112
PF10060	162,101,206
PF13190	177,218,93
PF06953	168,71,227
PF14066	158,207,85
PF06055	98,131,205
PF10108	192,176,65
PF19278	226,61,164
PF12390	69,188,116
PF01323	162,82,202
PF19403	203,80,218
PF14516	118,88,207
PF16565	204,141,97
PF02412	139,87,194
PF06826	161,53,197
PF13358	78,192,94
PF13228	187,141,91
PF10881	70,193,120
PF15738	93,218,93
PF04221	180,63,175
PF20108	181,65,115
PF03060	141,81,184
PF11303	214,121,56
PF21347	189,53,102
PF10988	94,199,93
PF13407	190,58,211
PF20466	107,221,165
PF20465	136,229,60
PF19545	216,91,181
PF05547	68,147,184
PF20774	197,54,80
PF18915	77,194,73
PF18914	229,147,78
PF14376	154,72,218
PF11750	147,62,184
PF09394	195,52,145
PF02522	80,191,48
PF18905	207,66,217
PF10099	208,221,99
PF14224	76,55,211
PF03824	176,88,200
PF21820	59,186,223
PF19315	83,179,53
PF16169	178,82,119
PF14399	226,86,70
PF02325	180,55,171
PF21088	196,212,66
PF18944	203,213,53
PF18934	213,106,226
PF11798	189,89,90
PF10094	56,192,134
PF21156	85,195,74
PF06262	72,192,216
PF14721	211,104,105
PF14079	228,100,133
PF16261	225,60,58
PF14511	159,53,206
PF16949	115,198,51
PF03713	217,89,221
PF13115	206,81,147
PF09922	82,66,191
PF04298	218,198,102
PF07876	84,181,58
PF03006	172,83,229
PF09619	59,219,190
PF11783	98,137,222
PF11322	200,92,126
PF13188	181,62,205
PF09835	83,188,119
PF16921	72,175,186
PF17674	56,82,182
PF00775	211,97,97
PF09684	187,198,97
PF04865	133,181,79
PF04965	123,203,93
PF05488	76,204,183
PF04717	62,199,170
PF19266	98,214,201
PF06841	185,54,99
PF17482	87,194,67
PF04984	111,74,183
PF14065	220,91,193
PF20387	106,71,217
PF15731	103,218,72
PF02415	75,158,227
PF12088	97,198,179
PF20114	54,84,210
PF14242	224,125,100
PF13290	180,88,151
PF18029	191,226,80
PF14312	91,194,146
PF09966	51,82,205
PF08463	226,77,224
PF21619	113,55,183
PF02583	66,149,211
PF04214	202,126,87
PF03864	171,197,85
PF09956	95,135,219
PF10123	183,64,92
PF03592	83,169,180
PF13275	127,61,196
PF02829	214,169,61
PF05848	89,168,184
PF17727	214,57,66
PF00217	194,95,92
PF10635	78,220,158
PF04616	209,188,57
PF00874	50,197,172
PF00636	205,101,200
PF18185	163,217,85
PF08680	55,170,179
PF12116	183,58,53
PF06866	181,57,158
PF05043	229,96,125
PF02255	134,214,98
PF02378	58,173,197
PF07355	199,151,53
PF03932	57,190,105
PF13475	144,74,223
PF18671	117,98,217
PF18524	196,194,58
PF03063	80,109,202
PF18267	93,111,210
PF21398	129,50,181
PF03601	70,141,183
PF00563	78,216,101
PF08013	114,86,185
PF03885	64,170,216
PF04316	212,135,60
PF05130	182,135,64
PF00460	144,193,95
PF06429	142,53,197
PF00669	121,67,196
PF02623	179,83,189
PF02599	66,219,138
PF02561	118,69,211
PF02465	105,189,225
PF07196	94,226,150
PF07195	75,217,197
PF05400	191,204,65
PF00700	201,162,72
PF13712	60,184,192
PF02049	174,181,45
PF08345	52,188,126
PF14842	127,208,99
PF14841	224,211,75
PF01706	80,112,188
PF02050	61,226,96
PF03963	181,137,83
PF06289	89,62,181
PF13677	74,185,129
PF03748	85,173,204
PF02154	214,94,116
PF00183	124,223,94
PF20903	202,109,89
PF14526	148,77,219
PF12663	195,51,159
PF03830	216,54,114
PF03609	83,216,181
PF03613	194,70,164
PF14196	136,223,106
PF18937	106,58,190
PF12730	227,81,113
PF02553	186,87,130
PF02127	61,188,180
PF14689	106,114,215
PF13569	80,227,228
PF18991	187,91,173
PF00367	84,212,100
PF00358	221,180,95
PF03123	189,125,88
PF08921	92,85,220
PF14020	180,96,60
PF13333	210,104,191
PF00665	182,89,48
PF13276	118,99,201
PF19328	93,200,134
PF16552	158,55,184
PF09043	167,220,76
PF16554	152,100,218
PF13941	203,195,57
PF00893	69,211,157
PF07554	179,165,85
PF06738	93,216,206
PF12821	205,196,97
PF11299	210,102,180
PF12729	223,174,111
PF13739	185,91,113
PF11738	228,73,176
PF06161	208,64,128
PF13534	104,227,74
PF05866	198,89,221
PF21778	116,101,210
PF08812	179,50,200
PF12784	57,200,120
PF17932	205,217,83
PF19605	49,186,74
PF11922	141,98,215
PF11007	165,97,201
PF12652	195,142,74
PF05067	187,160,75
PF02870	194,97,196
PF12675	150,222,87
PF11148	224,88,83
PF07872	220,200,93
PF08765	145,89,186
PF09524	87,190,135
PF12952	121,224,92
PF13346	225,124,82
PF12918	86,206,90
PF12919	192,107,219
PF11713	173,75,199
PF12920	180,187,75
PF01473	192,71,160
PF19127	200,51,181
PF05105	213,196,70
PF11731	163,200,70
PF16481	207,164,90
PF01136	198,126,77
PF12392	200,172,62
PF20297	168,65,219
PF04463	120,94,189
PF13311	190,224,93
PF03599	131,109,225
PF18537	91,170,195
PF03598	62,87,216
PF19436	186,89,203
PF10133	84,214,201
PF12953	91,179,190
PF14133	61,206,87
PF04346	193,103,228
PF00455	74,185,58
PF20560	228,214,68
PF18223	209,62,66
PF03880	179,61,148
PF03862	197,69,227
PF07451	221,58,168
PF09560	190,50,190
PF05580	166,63,182
PF04071	98,57,222
PF02447	223,214,108
PF21349	100,205,151
PF06397	90,189,129
PF00301	192,83,131
PF19848	221,107,153
PF19677	185,90,147
PF03188	100,203,104
PF12464	189,129,89
PF04392	175,97,206
PF02906	170,86,193
PF20092	136,101,207
PF08903	50,93,195
PF20921	71,71,189
PF19558	96,186,204
PF17783	145,224,110
PF13509	69,203,169
PF03170	68,161,183
PF21465	212,95,209
PF21445	90,207,138
PF04245	167,207,100
PF05979	114,81,197
PF14512	190,88,89
PF16822	63,183,72
PF09861	225,112,130
PF21113	180,92,73
PF05636	194,66,118
PF12637	47,109,182
PF09548	67,188,163
PF06686	213,220,70
PF09546	65,220,77
PF09581	222,94,167
PF12685	123,216,104
PF02681	209,94,191
PF08769	88,192,88
PF12555	168,101,216
PF11382	100,223,227
PF12982	201,120,77
PF16325	130,226,87
PF03413	194,70,77
PF04297	205,91,103
PF05525	123,180,81
PF06018	193,52,92
PF08222	222,96,119
PF12746	218,78,173
PF06135	79,196,52
PF06949	69,209,130
PF09391	216,139,78
PF14808	189,79,79
PF14480	71,110,203
PF11490	99,228,78
PF08006	70,180,121
PF12671	204,194,97
PF00639	171,193,61
PF20765	108,77,206
PF09393	78,52,187
PF08890	73,173,180
PF21821	81,194,88
PF10844	135,215,104
PF10934	186,71,210
PF10076	214,170,107
PF12571	179,66,69
PF00415	199,78,168
PF05684	76,150,190
PF12983	213,116,80
PF13539	226,190,69
PF00882	62,86,188
PF01693	180,84,161
PF00704	85,127,202
PF02493	200,59,171
PF14504	194,163,83
PF12847	192,205,88
PF19124	229,89,164
PF12669	217,94,155
PF19694	148,57,193
PF09383	203,85,158
PF03180	127,187,52
PF06207	59,179,190
PF02589	84,147,184
PF11155	119,109,226
PF10728	146,214,72
PF09991	174,59,186
PF14657	75,182,61
PF07804	218,104,86
PF02498	65,215,101
PF10543	88,199,137
PF10926	128,187,85
PF10991	65,197,73
PF04466	156,211,95
PF17288	149,68,205
PF05133	201,107,224
PF06810	154,91,200
PF04883	49,177,188
PF17481	174,184,59
PF11611	86,202,130
PF14471	197,149,52
PF20155	74,193,145
PF16079	81,109,191
PF07751	195,64,158
PF07737	150,92,228
PF14266	200,57,216
PF02342	194,94,92
PF15617	145,79,184
PF15609	194,219,89
PF12500	159,90,221
PF11202	159,100,223
PF15608	160,90,183
PF06865	157,85,224
PF08874	94,132,204
PF12395	192,120,83
PF10110	183,76,192
PF05857	186,185,83
PF01156	75,105,205
PF14453	77,133,190
PF20240	210,78,150
PF19524	210,57,223
PF02690	94,195,159
PF09338	189,146,64
PF03616	58,219,115
PF00962	143,52,180
PF12787	90,213,140
PF18560	56,179,76
PF03013	61,102,191
PF11208	66,158,195
PF15417	104,212,148
PF09719	227,226,113
PF03960	226,56,205
PF14062	174,187,69
PF14276	214,75,104
PF08980	79,117,206
PF00532	56,85,204
PF07866	65,192,86
PF11449	186,99,79
PF03883	193,199,67
PF04204	172,70,213
PF18812	115,56,220
PF13408	190,158,48
PF10662	89,181,74
PF12282	180,99,81
PF06277	212,140,59
PF06751	124,53,192
PF05985	186,74,76
PF06130	191,66,79
PF06249	135,221,89
PF21631	86,115,207
PF13486	86,188,89
PF08840	138,211,74
PF04775	184,53,197
PF04474	189,87,83
PF06838	149,70,228
PF12650	211,104,177
PF17099	216,197,86
PF05223	102,215,132
PF10114	217,179,88
PF05732	141,188,85
PF14268	122,191,61
PF06962	88,185,76
PF13170	223,160,107
PF06177	143,71,186
PF14821	156,72,192
PF08238	183,126,73
PF19092	214,215,94
PF02659	201,65,161
PF21699	70,183,68
PF18128	106,206,229
PF18133	65,121,183
PF08455	208,89,196
PF11308	219,138,106
PF02903	201,55,194
PF13515	91,160,187
PF04074	197,86,61
PF04131	192,156,92
PF12655	215,92,183
PF13303	214,215,83
PF19935	86,67,218
PF11687	188,141,92
PF12676	227,119,76
PF08125	227,58,85
PF01232	199,92,110
PF19364	127,66,184
PF04723	145,87,206
PF03243	214,89,180
PF07561	206,189,84
PF06506	201,77,148
PF12653	197,157,56
PF13342	209,57,198
PF01527	74,209,119
PF03618	134,207,63
PF03417	50,184,120
PF06898	92,85,215
PF07873	191,75,144
PF13735	195,86,211
PF07454	181,191,76
PF03418	186,98,91
PF09924	182,70,153
PF21621	70,134,211
PF10087	139,98,199
PF16138	58,92,221
PF13320	206,140,95
PF01976	201,196,90
PF06580	212,96,109
PF07694	204,100,169
PF03496	80,161,194
PF03495	206,63,127
PF17475	122,97,195
PF17476	109,222,140
PF05103	191,154,70
PF17774	87,192,143
PF12700	199,157,91
PF20439	175,228,68
PF20438	48,156,181
PF09547	66,204,94
PF14045	73,120,184
PF06947	125,178,68
PF05949	168,200,84
PF00269	75,215,68
PF03590	202,157,66
PF12683	217,190,105
PF13599	171,181,49
PF00724	210,213,70
PF12686	92,67,206
PF04246	63,129,199
PF04647	85,201,189
PF12950	56,182,167
PF14270	154,93,225
PF02719	98,113,210
PF13477	93,208,183
PF04488	222,84,128
PF16401	211,173,88
PF07523	146,59,223
PF13402	213,214,79
PF00404	77,76,227
PF13165	73,197,87
PF12670	57,201,156
PF17042	198,212,92
PF07005	184,62,187
PF12641	86,57,190
PF17802	215,63,81
PF05737	81,83,179
PF13171	214,156,95
PF04914	153,66,225
PF03812	78,112,202
PF04295	183,53,76
PF20629	202,162,95
PF16924	210,136,64
PF08343	178,188,70
PF19062	82,198,202
PF06800	114,192,65
PF08902	68,63,214
PF12708	79,182,152
PF06081	102,223,112
PF11728	168,201,96
PF05913	88,180,150
PF19200	90,117,187
PF03702	209,199,54
PF13802	48,179,131
PF13643	217,195,104
PF16657	72,76,192
PF11337	96,79,182
PF00201	180,133,84
PF14287	183,83,119
PF02486	82,89,210
PF18106	199,98,80
PF10694	95,212,195
PF19539	224,85,65
PF09983	218,91,172
PF13751	212,104,184
PF20648	201,86,157
PF13151	100,56,194
PF12668	183,105,86
PF10546	87,161,185
PF08974	51,195,171
PF17876	82,122,195
PF08206	86,176,220
PF21715	197,56,146
PF12636	225,95,224
PF03313	58,209,71
PF03315	229,167,79
PF08503	223,69,145
PF14277	80,109,209
PF09388	82,181,100
PF12800	105,211,58
PF02256	180,157,65
PF12654	178,193,77
PF06353	223,190,80
PF12647	163,73,215
PF02650	91,91,209
PF14527	123,195,94
PF10298	93,197,70
PF07475	58,167,214
PF02603	181,122,45
PF06180	180,220,63
PF02571	117,221,107
PF01263	91,215,114
PF21378	182,169,73
PF20317	105,109,217
PF14285	88,215,89
PF19732	79,189,189
PF09578	181,198,85
PF15714	118,85,192
PF05137	181,207,74
PF04026	221,92,133
PF09182	180,96,50
PF13331	97,60,225
PF06007	70,64,205
PF05861	74,150,181
PF05845	90,186,74
PF06754	201,52,189
PF04070	137,213,58
PF09148	217,75,88
PF07486	187,91,162
PF09551	87,156,213
PF12673	58,192,68
PF06257	57,216,180
PF05582	83,209,209
PF12640	147,195,68
PF07205	182,61,190
PF08901	173,87,211
PF02664	131,209,97
PF12638	51,201,148
PF18202	170,203,95
PF06125	100,150,228
PF14317	181,82,79
PF12664	64,202,182
PF00302	187,91,103
PF07275	97,209,124
PF12846	159,179,88
PF13702	82,189,68
PF12642	225,86,109
PF13783	84,209,169
PF10026	98,209,85
PF12788	174,217,65
PF03831	227,175,95
PF08274	92,147,209
PF07242	88,197,81
PF18232	104,195,73
PF06496	108,169,217
PF07071	88,223,162
PF07261	88,139,185
PF21370	207,60,63
PF11823	171,207,99
PF14938	121,84,179
PF19546	126,66,200
PF10021	53,187,189
PF00041	153,92,227
PF01073	91,91,190
PF01650	157,87,217
PF13855	180,131,45
PF12799	194,96,166
PF01929	100,210,209
PF04072	130,97,195
PF05889	52,76,210
PF03795	69,209,173
PF01080	151,54,188
PF14701	217,151,65
PF20973	101,189,202
PF10974	104,224,222
PF11977	178,78,65
PF10342	88,97,200
PF06739	53,193,142
PF08360	200,173,94
PF11070	208,64,87
PF05129	57,147,183
PF02275	184,212,89
PF02317	114,89,188
PF13415	110,226,216
PF00240	58,141,199
PF11838	78,188,82
PF01011	67,178,195
PF09889	133,185,76
PF04670	116,75,209
PF00560	164,52,204
PF05621	190,182,94
PF14478	167,84,201
PF21440	76,196,97
PF03577	96,110,224
PF13239	208,86,67
PF11175	64,202,86
PF02929	213,85,214
PF16353	103,201,88
PF13195	221,171,61
PF18741	65,217,84
PF17975	218,165,96
PF12419	58,188,201
PF03382	201,89,158
PF00022	211,201,71
PF02544	84,96,178
PF16983	149,87,195
PF10269	222,108,145
PF00125	100,205,115
PF01301	111,211,87
PF09138	213,88,57
PF04282	179,53,166
PF13596	84,71,185
PF18145	86,220,170
PF18144	89,209,212
PF02943	209,112,103
PF02662	101,108,205
PF04077	219,69,212
PF13686	187,102,67
PF04756	67,117,206
PF05893	132,68,189
PF04443	228,124,88
PF06054	219,71,79
PF10386	196,226,101
PF02838	131,223,62
PF00728	75,132,206
PF11369	91,226,187
PF01399	64,208,147
PF06283	199,201,69
PF17723	225,122,61
PF13516	181,59,67
PF18958	72,190,149
PF20168	50,188,97
PF19709	203,76,213
PF01781	105,221,65
PF19641	220,68,121
PF15514	194,58,204
PF01193	101,75,206
PF16295	61,206,142
PF19620	182,118,56
PF13639	225,97,140
PF19112	79,211,53
PF00626	86,68,187
PF05753	147,83,188
PF04324	76,60,211
PF07892	92,186,214
PF14251	57,190,104
PF07944	62,181,160
PF20736	216,214,58
PF20737	109,217,102
PF03332	123,206,55
PF19510	209,58,176
PF04230	226,66,97
PF13452	215,70,81
PF05899	183,86,150
PF09962	97,137,198
PF04157	218,105,111
PF02065	206,154,75
PF09834	60,185,173
PF01913	176,214,96
PF02741	185,203,89
PF10469	196,128,53
PF09819	66,209,101
PF03971	50,155,199
PF08433	210,70,201
PF18761	159,73,201
PF12893	138,91,187
PF11907	79,191,63
PF13392	98,223,179
PF08937	76,188,127
PF12651	82,209,169
PF08570	196,94,138
PF14539	116,78,196
PF02805	82,58,213
PF12476	198,67,164
PF07786	191,187,55
PF11756	190,56,65
PF00078	81,187,97
PF08821	179,186,52
PF13566	202,103,73
PF14424	119,94,199
PF20122	213,76,79
PF14595	83,147,218
PF19890	154,223,68
PF09509	85,196,170
PF01643	74,89,205
PF20791	82,225,136
PF01204	87,75,196
PF13088	103,61,214
PF02536	151,66,196
PF21107	184,61,141
PF08923	186,207,94
PF07431	124,202,68
PF05871	56,194,95
PF04212	215,106,126
PF09992	218,194,68
PF17253	93,202,77
PF03403	54,198,137
