PF04095	86,57,203
PF17767	177,184,54
PF00400	219,126,74
PF01841	91,195,111
PF13639	59,187,173
PF08240	217,198,105
PF00172	58,207,82
PF00109	74,179,82
PF02801	212,79,72
PF16197	200,86,70
PF00698	132,93,193
PF21089	67,151,200
PF14765	189,61,178
PF08242	78,210,205
PF13602	183,68,113
PF08659	203,145,81
PF00550	181,58,166
PF00175	216,75,157
PF00667	73,226,101
PF00258	58,208,136
PF00067	195,210,54
PF00465	55,192,63
PF00155	207,146,55
PF05721	186,53,95
PF00501	189,78,204
PF13193	195,82,106
PF00153	95,112,228
PF01370	215,89,157
PF00668	172,217,60
PF03798	142,91,199
PF00664	62,71,183
PF00005	46,186,108
PF04193	78,220,185
PF13424	55,182,155
PF07728	117,60,202
PF20028	80,219,55
PF19969	61,184,71
PF13365	113,214,88
PF19493	96,82,178
PF13305	186,82,57
PF21181	108,187,78
PF13472	211,100,148
PF08241	201,85,64
PF01329	220,179,99
PF13560	109,58,189
PF17765	84,159,179
PF00384	209,83,222
PF01568	124,199,64
PF13247	72,101,221
PF14711	167,104,219
PF02613	98,101,223
PF02665	225,128,72
PF00012	202,80,62
PF19872	97,68,184
PF13520	131,80,228
PF01663	81,157,208
PF04020	182,102,50
PF12706	229,69,211
PF09707	113,62,208
PF01867	190,115,69
PF08798	212,67,122
PF09704	110,120,225
PF09344	185,88,119
PF09485	123,223,83
PF09481	190,188,80
PF18395	181,82,190
PF18019	84,224,89
PF20182	91,148,209
PF01381	168,185,81
PF02467	169,77,227
PF01695	174,183,87
PF14216	97,174,220
PF19695	188,83,126
PF10935	195,163,96
PF08281	52,208,187
PF04542	66,209,150
PF01548	79,117,190
PF02371	141,56,189
PF17802	75,132,192
PF01464	181,65,97
PF00877	179,72,109
PF02534	185,123,92
PF12696	194,64,179
PF19560	94,220,213
PF19832	196,63,192
PF01812	188,61,66
PF13581	91,200,53
PF19819	131,82,195
PF00196	225,67,110
PF19462	215,188,101
PF19565	73,79,226
PF01135	162,204,68
PF14408	85,203,112
PF13023	84,214,214
PF13604	110,196,88
PF08751	146,183,71
PF19716	112,103,212
PF19876	161,107,221
PF19679	94,196,141
PF19698	119,65,201
PF12083	229,85,160
PF19947	121,109,222
PF02195	109,68,205
PF10979	207,54,76
PF03861	110,223,124
PF19797	62,133,201
PF00069	93,191,206
PF13613	203,71,107
PF13359	69,175,221
PF19686	204,55,184
PF14659	229,112,147
PF00589	66,206,122
PF09335	129,178,75
PF04545	85,205,89
PF04539	189,74,74
PF00571	189,85,87
PF11716	220,88,208
PF19655	195,160,97
PF01569	102,182,88
PF00781	124,50,185
PF13847	215,176,97
PF02780	212,91,198
PF02779	60,183,85
PF00456	71,144,227
PF02746	205,69,88
PF13378	152,69,199
PF00903	139,76,222
PF00392	215,102,113
PF07729	57,62,208
PF01979	190,76,113
PF07969	218,99,185
PF17128	100,75,184
PF00491	192,133,57
PF13302	79,214,103
PF00652	189,49,138
PF17676	86,99,205
PF02016	202,145,78
PF00326	67,198,161
PF07676	194,69,172
PF01546	82,115,209
PF04951	127,191,58
PF04371	190,208,67
PF08352	130,208,102
PF00528	167,188,50
PF12911	85,202,155
PF19300	211,68,223
PF00496	178,74,116
PF00449	69,86,184
PF00699	217,60,152
PF00547	197,77,213
PF13977	196,90,180
PF00440	148,50,185
PF14494	113,160,226
PF01243	187,127,57
PF21761	150,68,220
PF03446	119,80,223
PF13411	186,92,57
PF02525	50,138,185
PF08544	191,105,222
PF00288	76,147,218
PF00291	73,227,169
PF04016	115,194,67
PF07690	228,207,98
PF01032	82,200,99
PF01497	78,169,221
PF08450	164,88,200
PF01614	209,146,66
PF09339	147,104,225
PF00107	79,114,198
PF13407	211,69,189
PF02653	185,158,55
PF00891	91,124,224
PF16864	212,101,199
PF02540	120,96,221
PF19387	214,101,60
PF19391	86,187,76
PF04604	103,168,227
PF13575	170,90,215
PF05147	91,189,96
PF03412	93,118,202
PF12730	161,62,179
PF19370	91,186,72
PF19385	217,69,211
PF11799	187,165,68
PF11798	217,94,67
PF00975	69,76,223
PF04909	144,74,196
PF00202	182,63,213
PF00296	50,200,104
PF21394	199,58,86
PF10604	170,214,69
PF08541	223,111,121
PF00497	142,223,107
PF01613	223,100,227
PF01636	113,205,78
PF03704	174,224,58
PF00486	69,185,116
PF00753	70,201,123
PF13561	79,221,209
PF03992	211,55,142
PF00724	77,132,194
PF13577	58,198,190
PF13191	88,106,197
PF12802	139,211,68
PF01494	215,66,156
PF21274	153,227,106
PF00106	128,81,196
PF00583	91,221,217
PF01154	192,53,137
PF08540	72,187,147
PF00378	201,73,190
PF18558	57,180,179
PF13469	92,158,202
PF00561	99,159,215
PF00881	106,62,184
PF14028	195,82,58
PF04738	191,60,69
PF02624	69,185,74
PF00733	200,91,135
PF13537	102,71,204
PF13649	224,103,106
PF21036	205,88,112
PF06722	48,103,191
PF01593	95,189,207
PF12902	183,62,62
PF01041	228,110,183
PF00483	211,145,90
PF00999	95,122,202
PF00248	96,196,138
PF03559	56,139,184
PF03721	63,215,56
PF00984	171,213,56
PF03720	78,165,180
PF04820	175,201,66
PF13177	223,63,152
PF08386	170,216,69
PF17914	83,85,201
PF02441	103,178,79
PF06325	68,179,76
PF07812	209,206,95
PF00112	107,199,66
PF13374	87,207,225
PF00476	64,224,163
PF16884	225,66,194
PF07993	210,94,130
PF05368	102,214,88
PF00083	186,204,56
PF13489	62,214,70
PF01944	210,58,209
PF09221	152,220,71
PF02397	100,199,213
PF08660	68,151,206
PF04101	77,119,200
PF04932	226,159,71
PF00535	197,62,212
PF08545	93,213,73
PF03060	99,221,71
PF21607	93,224,227
PF12697	87,73,196
PF00133	226,154,74
PF08264	211,65,151
PF19302	80,181,131
PF01648	58,190,78
PF13669	77,228,69
PF00355	60,75,194
PF00848	185,87,199
PF03472	206,107,58
PF01425	194,63,150
PF00765	219,89,154
PF19395	53,181,212
PF00432	159,208,89
PF13243	112,106,216
PF02353	86,225,142
PF00303	107,85,188
PF05014	216,79,129
PF04055	223,193,78
PF00701	218,109,91
PF13924	168,215,80
PF02771	104,198,213
PF02770	58,129,192
PF00441	96,175,206
PF14104	62,188,139
PF00300	221,146,58
PF01266	175,183,81
PF02129	95,196,87
PF08530	183,53,98
PF05175	70,94,185
PF15891	178,48,92
PF16861	158,73,206
PF02543	97,95,191
PF13480	201,102,90
PF18603	135,203,91
PF13535	82,135,191
PF02585	208,183,97
PF02894	89,185,176
PF01408	53,193,178
PF02668	72,206,196
PF03313	226,187,112
PF03315	188,49,181
PF00464	215,61,139
PF01597	227,97,172
PF08669	201,62,134
PF01571	105,90,184
PF01565	194,197,94
PF08031	56,179,213
PF00082	179,95,73
PF07992	187,87,99
PF13460	131,53,182
PF01966	191,94,94
PF03621	102,212,116
PF00487	91,208,91
PF02784	92,174,185
PF04389	181,83,196
PF05977	75,61,221
PF10014	62,197,167
PF00857	82,216,163
PF00586	219,100,62
PF02769	62,180,104
PF00708	208,59,120
PF07503	71,179,144
PF01300	215,142,95
PF17788	227,142,106
PF07722	214,203,54
PF13370	72,194,54
PF03795	98,117,223
PF19505	196,85,131
PF09924	77,226,156
PF01212	78,217,132
PF18238	79,104,207
PF00027	127,55,197
PF13545	154,62,205
PF12680	180,149,73
PF11528	84,87,179
PF08002	56,214,72
PF20067	142,55,187
PF05221	185,78,202
PF02219	85,139,203
PF04082	214,73,227
PF20842	74,79,181
PF20843	116,213,53
PF12768	77,190,190
PF02458	183,146,88
PF00221	198,213,89
PF07859	216,68,121
PF00144	211,218,66
PF00285	222,104,189
PF01757	131,179,78
PF00494	149,199,81
PF13434	99,202,176
PF13523	73,197,73
PF03959	93,205,174
PF00725	176,205,94
PF06314	203,195,54
PF00982	191,87,76
PF01965	125,77,208
PF13279	108,104,213
PF07977	87,207,212
PF01883	104,137,215
PF03055	74,215,152
PF00132	125,98,224
PF00266	61,141,184
PF10400	57,154,200
PF03551	101,169,228
PF03176	62,125,229
PF00743	187,193,82
PF01053	155,84,222
PF03171	182,163,77
PF14226	193,95,155
PF07228	205,53,111
PF00009	205,198,101
PF01507	213,105,67
PF01583	215,100,220
PF03061	56,71,219
PF13822	200,100,124
PF01118	206,69,95
PF02774	193,88,215
PF00696	72,198,168
PF14399	197,87,89
PF08443	66,176,179
PF19798	217,197,81
PF06224	69,205,120
PF12867	81,191,226
PF16925	53,211,189
PF18029	165,212,74
PF01638	211,96,80
PF00072	59,131,198
PF05834	198,210,104
PF00622	105,215,202
PF00391	194,64,123
PF18563	106,209,83
PF01326	69,201,140
PF02872	189,203,89
PF00149	179,92,74
PF13621	146,52,210
PF04989	83,195,150
PF00702	133,222,86
PF00122	133,181,48
PF07949	83,111,214
PF02878	107,71,202
PF02879	150,212,95
PF02880	90,192,181
PF00408	179,205,74
PF13522	227,106,138
PF01380	229,112,107
PF02518	94,146,210
PF02687	136,199,60
PF00873	66,228,110
PF02517	221,193,76
PF19393	203,80,78
PF12698	81,194,105
PF01764	88,85,194
PF05050	141,93,211
PF03109	175,203,80
PF13444	92,185,209
PF13676	126,73,219
PF00805	206,93,76
PF02896	83,195,198
PF01075	188,85,172
PF03279	214,204,82
PF02709	77,206,220
PF06306	215,115,72
PF06002	109,74,194
PF03102	141,178,48
PF08666	183,167,56
PF02350	227,99,124
PF02348	105,209,91
PF00204	63,225,222
PF01751	87,223,138
PF00986	195,126,50
PF00593	67,93,202
PF07715	66,186,52
PF07786	199,51,123
PF01987	72,184,76
PF13145	105,149,221
PF13641	220,84,201
PF02563	219,92,156
PF10531	53,192,99
PF02706	216,77,57
PF13807	214,163,91
PF10609	171,83,212
PF09721	92,221,192
PF11984	195,152,88
PF13437	221,110,109
PF13727	115,219,79
PF00908	135,62,227
PF16363	50,144,195
PF04321	71,77,207
PF00892	202,125,98
PF06080	224,119,95
PF06527	94,92,190
PF05621	178,74,139
PF13759	204,80,210
PF03841	126,201,58
PF01315	184,58,54
PF02738	102,216,188
PF20256	197,58,50
PF00111	149,66,181
PF01799	57,216,130
PF00941	187,177,87
PF03450	115,210,95
PF02310	64,214,216
PF13340	107,184,57
PF01609	71,226,221
PF03547	62,68,224
PF08448	133,67,228
PF00656	137,226,69
PF02685	70,182,66
PF00127	213,144,77
PF00348	216,200,102
PF00368	211,175,87
PF01070	219,60,209
PF18376	56,180,89
PF13454	79,94,179
PF00206	125,214,85
PF10397	95,182,229
PF13631	222,89,81
PF11298	81,219,145
PF00195	102,206,179
PF02797	210,123,55
PF00190	131,228,100
PF01255	206,228,105
PF11468	75,65,211
PF21167	137,74,210
PF02754	215,106,96
PF13187	221,80,226
PF03756	125,65,225
PF13462	68,196,190
PF11083	193,92,124
PF00512	57,81,199
PF11991	65,157,207
PF14748	186,87,110
PF03807	209,134,62
PF06609	49,57,180
PF08498	210,96,138
PF01761	71,149,225
PF00480	93,146,186
PF00004	138,87,209
PF13471	88,181,169
PF02909	95,107,214
PF04673	97,206,162
PF03358	161,216,66
PF00171	180,140,83
PF17837	223,103,142
PF04183	106,227,58
PF06276	88,189,147
PF13738	77,193,76
PF01063	181,68,119
PF00201	228,86,168
PF00117	54,118,198
PF04715	224,152,88
PF00425	126,181,77
PF01061	91,137,194
PF08990	173,88,189
PF18369	229,98,161
PF19258	206,107,228
PF02324	100,207,88
PF19127	197,98,69
PF01473	209,67,115
PF14690	74,202,185
PF13542	181,69,217
PF01610	90,195,66
PF05704	53,181,84
PF13810	173,69,194
PF08493	82,57,195
PF14027	195,73,96
PF07110	72,84,203
PF16911	64,194,72
PF05598	160,53,193
PF05138	174,83,206
PF06243	122,199,53
PF00970	224,110,223
PF03301	92,205,88
PF16073	77,185,114
PF11010	107,198,225
PF00356	84,207,204
PF13377	220,188,82
PF12852	216,56,213
PF12833	96,195,114
PF00534	66,178,218
PF13439	67,194,123
PF13632	206,68,77
PF01341	198,79,77
PF01261	208,156,85
PF21124	103,180,50
PF00313	198,96,130
PF13578	197,61,215
PF01554	223,98,132
PF01263	205,171,65
PF02113	181,68,49
PF07098	61,92,221
PF02638	98,200,109
PF00289	226,88,113
PF02786	215,220,78
PF02785	209,64,211
PF00158	214,75,92
PF05019	65,196,81
PF08713	227,96,165
PF01547	207,102,197
PF13802	180,63,143
PF01055	66,71,183
PF21365	189,162,51
PF00933	167,74,199
PF01915	88,191,167
PF14310	188,104,48
PF03422	89,182,156
PF00730	51,76,179
PF10576	204,77,82
PF00672	66,193,49
PF01551	201,103,54
PF10431	155,203,61
PF07724	182,67,182
PF17871	196,93,200
PF02861	152,64,183
PF19771	75,210,88
PF19764	218,158,69
PF19820	190,200,86
PF19801	208,214,86
PF07702	70,132,202
PF13671	168,199,76
PF06441	213,148,83
PF04027	200,93,188
PF05199	206,67,222
PF00732	102,94,198
PF13450	218,105,93
PF02627	218,62,137
PF13579	109,95,198
PF13186	70,195,165
PF05711	217,188,104
PF00588	181,85,155
PF01810	178,96,213
PF07884	89,190,116
PF19374	139,94,197
PF06236	213,63,121
PF00264	95,226,202
PF03777	119,195,91
PF21068	63,227,117
PF14311	145,83,206
PF08939	216,164,83
PF01526	76,216,134
PF13700	229,228,73
PF19899	55,123,193
PF19758	204,57,89
PF19984	113,58,203
PF00239	226,68,66
PF04978	218,86,181
PF10756	158,91,203
PF03404	111,59,200
PF00174	68,153,195
PF13672	153,223,94
PF06778	59,125,210
PF03466	214,62,213
PF00126	72,163,212
PF00108	208,68,98
PF02803	110,126,225
PF01144	102,208,197
PF19487	51,136,189
PF08028	61,169,203
PF01040	172,202,98
PF18073	50,196,84
PF13481	55,77,201
PF18314	186,161,78
PF18325	90,76,202
PF08354	200,86,126
PF17951	177,192,60
PF13452	80,58,182
PF01575	86,84,223
PF13474	201,90,227
PF01590	91,61,214
PF00989	188,139,74
PF13620	107,193,75
PF03600	82,186,185
PF07091	207,99,96
PF03193	65,221,59
PF01042	184,70,155
PF03130	184,83,121
PF02737	207,58,199
PF19692	214,94,186
PF00793	66,201,123
PF02366	52,121,200
PF14696	217,87,177
PF13231	110,225,63
PF03033	77,78,223
PF20463	83,223,141
PF02153	204,207,87
PF13384	98,193,64
PF01427	171,201,58
PF07478	192,177,91
PF01820	194,194,52
PF02826	93,92,222
PF00756	225,102,85
PF11806	130,203,66
PF02794	166,49,178
PF00529	129,211,69
PF17508	207,214,66
PF01956	89,209,159
PF06985	207,107,74
PF20703	55,124,212
PF01047	157,188,64
PF00044	100,207,164
PF02800	189,55,58
PF19086	201,180,53
PF02423	225,111,164
PF00931	199,170,84
PF04486	162,226,64
PF07883	191,63,205
PF03364	87,54,192
PF01553	182,192,61
PF09861	119,87,219
PF12710	138,82,202
PF07366	102,157,212
PF03441	180,83,185
PF00875	80,225,199
PF11066	125,208,83
PF19927	65,64,180
PF01924	72,136,187
PF01455	62,178,205
PF01750	182,140,90
PF19562	69,202,140
PF19372	75,222,57
PF01106	203,98,152
PF00374	218,106,130
PF14720	187,53,81
PF01058	157,81,218
PF01155	103,203,99
PF02492	197,59,202
PF12831	212,60,124
PF13527	152,227,107
PF19730	220,101,176
PF04672	220,59,72
PF04069	138,66,207
PF05448	129,226,76
PF17196	64,139,210
PF13653	50,126,182
PF05610	59,195,119
PF00916	106,213,80
PF01740	210,100,71
PF07944	201,92,105
PF13385	169,85,184
PF20736	63,193,227
PF10009	66,123,205
PF18565	211,104,139
PF16355	147,180,54
PF02836	198,93,115
PF00703	192,56,173
PF02837	216,142,92
PF17853	221,82,72
PF13556	84,158,188
PF07519	217,70,181
PF04229	204,112,73
PF01142	61,175,186
PF13640	196,54,68
PF00275	185,81,160
PF13350	59,184,187
PF19547	216,89,189
PF10096	91,226,113
PF03321	112,227,89
PF04072	154,184,47
PF17874	82,47,183
PF03190	182,152,51
PF00376	89,197,125
PF13466	191,60,99
PF10646	122,68,188
PF13589	88,79,224
PF00183	69,158,187
PF08592	94,203,219
PF07732	174,103,224
PF00394	181,80,92
PF07731	188,215,88
PF11951	190,58,77
PF19269	182,138,79
PF00749	68,225,180
PF00728	182,225,108
PF02838	201,201,86
PF08484	131,189,66
PF08421	65,65,206
PF18152	115,187,54
PF00591	188,52,100
PF02885	185,60,158
PF00290	185,229,91
PF00218	191,129,71
PF01323	203,114,66
PF17170	205,163,78
PF00208	57,170,205
PF02812	75,155,200
PF02775	212,69,87
PF00205	70,122,184
PF02776	208,64,165
PF13426	60,119,201
PF01026	148,47,188
PF01894	162,197,49
PF00364	99,229,97
PF00676	211,79,152
PF13732	62,115,222
PF05118	65,114,183
PF13349	205,228,84
PF19713	89,63,226
PF00581	154,191,86
PF00211	52,205,62
PF02743	179,89,190
PF07688	56,110,180
PF21714	199,92,72
PF03567	214,91,209
PF00078	157,69,228
PF08388	73,155,181
PF01844	197,50,143
PF06472	89,181,116
PF00579	219,120,72
PF11583	67,94,207
PF04987	117,205,82
PF00282	63,107,182
PF00006	134,54,202
PF00188	198,66,93
PF07876	83,189,179
PF17848	77,99,220
PF01039	185,80,158
PF01527	142,96,211
PF00293	185,54,57
PF03576	101,185,79
PF19593	215,89,213
PF12850	71,78,203
PF00686	196,55,125
PF00723	198,97,207
PF01232	224,203,101
PF08125	161,222,101
PF04240	108,182,52
PF01066	89,205,89
PF02607	87,196,76
PF13360	105,134,225
PF04954	219,115,58
PF10615	201,159,90
PF19676	63,159,195
PF05159	105,185,80
PF13565	65,198,121
PF13358	84,129,212
PF13419	212,89,181
PF01262	224,105,154
PF19291	186,223,64
PF07040	123,212,98
PF09346	182,67,97
PF13185	180,56,162
PF02342	92,196,87
PF19356	77,179,131
PF14378	54,157,204
PF16576	179,156,45
PF07869	161,187,70
PF14052	197,72,151
PF18412	151,203,80
PF01451	105,179,85
PF13614	103,181,56
PF01943	87,191,113
PF00393	70,217,77
PF20434	211,97,120
PF19896	93,223,87
PF04230	190,122,54
PF21294	192,182,49
PF11807	189,100,68
PF03572	92,224,103
PF01019	198,115,67
PF02321	225,95,192
PF12704	117,61,225
PF19401	194,77,183
PF10439	140,203,69
PF19154	61,144,202
PF14501	171,96,195
PF04397	228,100,101
PF01145	122,97,201
PF08482	122,80,213
PF00271	153,198,73
PF00270	226,137,69
PF02673	202,75,97
PF18143	189,74,131
PF17843	100,183,60
PF07730	197,134,53
PF10990	119,194,80
PF17954	91,62,183
PF02678	229,135,96
PF08348	205,51,103
PF13309	143,187,63
PF08021	217,82,174
PF03734	184,73,48
PF01471	84,180,57
PF13518	193,76,169
PF00665	213,60,83
PF13333	107,225,182
PF08708	154,49,188
PF00298	89,180,123
PF03946	57,191,98
PF01037	104,228,202
PF13412	208,192,60
PF13432	152,213,89
PF02913	187,193,55
PF00276	99,162,200
PF03939	188,220,73
PF06172	184,79,49
PF00557	51,195,145
PF00199	224,57,145
PF10017	77,219,196
PF13599	73,211,115
PF00849	224,67,222
PF03449	156,195,95
PF01272	182,102,60
PF13453	204,135,83
PF03776	220,83,146
PF03775	128,178,79
PF13598	87,51,180
PF13600	115,73,220
PF00459	213,222,107
PF00590	178,80,58
PF01242	60,110,179
PF06508	186,127,52
PF14489	202,99,155
PF01702	170,55,188
PF03029	167,228,66
PF05331	141,186,68
PF03259	85,158,217
PF08376	86,138,226
PF19827	129,192,95
PF13692	154,183,67
PF01087	142,55,204
PF13580	64,88,196
PF01555	187,78,132
PF09299	74,148,221
PF02589	68,212,75
PF11870	229,91,217
PF13183	67,94,204
PF05974	83,191,177
PF03214	89,190,158
PF13238	186,78,190
PF05800	81,62,213
PF00741	65,197,128
PF04149	91,141,199
PF19054	60,226,225
PF19634	209,100,123
PF00245	95,217,201
PF00553	67,219,159
PF00041	88,218,140
PF00704	53,185,203
PF21597	54,198,207
PF00128	58,188,66
PF02806	143,179,56
PF02082	182,179,48
PF04754	196,187,59
PF17286	94,140,200
PF17844	69,120,220
PF00884	52,102,183
PF19790	160,196,80
PF11898	223,74,134
PF07717	195,67,157
PF21010	89,207,206
PF04408	215,183,58
PF06262	139,74,204
PF00255	215,82,174
PF19738	77,229,165
PF11907	77,223,144
PF04851	222,111,66
PF13091	88,150,216
PF12102	149,208,86
PF13367	192,222,82
PF02390	202,72,193
PF04203	74,64,205
PF00120	185,153,76
PF03951	120,59,206
PF00795	51,122,182
PF14492	147,101,214
PF03764	138,62,178
PF00679	184,92,170
PF04199	145,90,187
PF03372	151,50,200
PF16859	170,197,93
PF16995	63,149,217
PF08892	189,223,61
PF01189	100,209,148
PF18130	185,142,81
PF14559	200,56,196
PF05726	189,56,68
PF13592	211,63,228
PF01474	57,77,225
PF01220	114,59,227
PF04116	54,190,140
PF04299	71,175,229
PF01804	161,213,85
PF01177	89,209,78
PF20103	54,180,45
PF04434	129,65,179
PF19826	229,110,191
PF19457	191,82,133
PF13500	126,101,228
PF06968	132,99,211
PF14518	222,104,114
PF13459	97,101,215
PF21302	184,82,180
PF01596	91,224,120
PF20239	87,166,221
PF03860	225,88,218
PF19809	86,83,203
PF00011	108,197,93
PF20730	208,64,152
PF04239	224,95,205
PF12849	214,99,143
PF00071	179,79,223
PF05032	107,216,197
PF02824	225,90,98
PF16897	187,71,175
PF01926	71,137,226
PF00399	208,81,168
PF10528	228,214,100
PF01050	153,227,90
PF01531	66,77,182
PF00854	196,116,74
PF02384	199,214,101
PF13249	66,176,179
PF00890	187,164,92
PF04345	211,152,96
PF01244	81,205,84
PF13409	216,61,181
PF00043	111,184,77
PF20696	87,182,107
PF01977	185,92,107
PF20695	190,80,157
PF01791	154,53,201
PF01959	72,159,184
PF02874	203,64,106
PF13483	217,192,106
PF12242	72,219,144
PF12241	179,56,129
PF07055	56,122,224
PF02475	185,98,59
PF00755	104,116,222
PF00353	175,108,223
PF12000	75,132,206
PF19717	191,79,73
PF13289	56,217,108
PF00156	60,186,99
PF00709	176,210,71
PF00478	176,64,180
PF01227	213,170,87
PF17391	143,78,182
PF01175	202,77,122
PF17392	218,97,116
PF08447	84,184,80
PF10719	57,179,148
PF07589	202,84,190
PF06719	217,81,78
PF01717	228,106,167
PF19550	195,156,84
PF13646	158,190,58
PF07593	208,157,76
PF01839	151,58,226
PF08012	115,74,184
PF21320	106,181,85
PF08327	90,94,197
PF00350	191,115,93
PF00697	181,59,183
PF14681	62,118,212
PF01361	47,46,182
PF04227	55,110,187
PF13793	113,87,228
PF14572	194,199,84
PF00466	103,221,70
PF16320	208,71,65
PF00542	74,193,119
PF02405	110,79,217
PF02470	79,183,186
PF11887	190,92,120
PF19450	80,210,221
PF00797	83,223,184
PF08501	207,97,208
PF04561	218,97,194
PF04565	114,201,69
PF10385	86,219,151
PF00562	202,89,208
PF04560	92,107,209
PF04997	72,199,117
PF00420	148,205,86
PF00662	212,75,150
PF00361	70,63,195
PF01435	203,222,87
PF10724	183,122,74
PF12728	60,116,223
PF01619	76,192,73
PF14602	209,103,176
PF08759	216,197,85
PF04464	210,81,221
PF01467	182,79,133
PF13714	75,181,147
PF04991	213,198,93
PF13174	103,225,74
PF01128	191,55,150
PF13368	165,209,53
PF01131	141,65,218
PF03030	223,202,78
PF09369	216,127,93
PF08768	61,176,217
PF13344	56,210,193
PF13242	215,64,155
PF11662	94,215,136
PF00324	108,63,226
PF02866	149,66,216
PF00056	189,92,152
PF01925	198,81,206
PF05257	71,182,166
PF13517	193,139,80
PF01557	73,102,192
PF06339	216,166,88
PF00575	220,110,95
PF02274	123,77,200
PF04134	64,219,103
PF03816	100,48,191
PF13399	136,75,202
PF03023	216,66,210
PF02357	170,85,186
PF01947	66,115,224
PF04216	207,99,60
PF02416	191,59,95
PF05140	186,80,186
PF01578	214,106,115
PF13241	94,207,130
PF14824	77,187,121
PF05201	186,72,209
PF01488	140,196,67
PF00745	72,199,66
PF01379	182,111,66
PF03900	152,105,211
PF02602	161,184,85
PF00490	54,72,184
PF13404	114,75,220
PF17805	142,185,87
PF02567	81,190,161
PF09265	119,193,57
PF01960	61,150,195
PF18042	169,93,196
PF13354	210,90,135
PF04339	88,178,88
PF00905	76,221,178
PF03717	173,102,208
PF11251	215,101,158
PF03928	183,126,83
PF08279	132,114,228
PF13280	60,164,182
PF05685	195,82,97
PF09365	90,221,87
PF14246	205,192,93
PF04879	193,125,85
PF03007	63,186,190
PF06974	195,96,218
PF01734	83,224,83
PF17931	89,205,217
PF03328	62,60,185
PF19315	164,88,193
PF13559	85,67,195
PF11992	142,57,199
PF01882	57,224,115
PF17863	83,105,188
PF07726	59,182,66
PF11927	118,209,86
PF20789	189,69,180
PF13622	200,169,96
PF08100	62,180,116
PF12796	78,175,190
PF16093	64,112,196
PF07942	224,98,184
PF12146	190,94,85
PF03712	92,159,219
PF03417	106,220,172
PF13936	222,113,69
PF02852	91,84,227
PF19507	74,201,137
PF06966	207,164,100
PF01980	61,175,222
PF02163	178,66,65
PF01817	199,81,152
PF18456	138,75,194
PF00075	97,117,200
PF02052	114,55,200
PF18218	96,228,150
PF07931	189,72,201
PF04264	197,94,182
PF01558	93,206,64
PF01855	158,57,216
PF17920	202,95,88
PF13546	114,214,85
PF19559	96,183,198
PF08699	220,59,178
PF02171	215,65,161
PF02798	100,68,184
PF09347	207,66,115
PF02104	101,183,59
PF18098	57,206,88
PF01399	94,223,101
PF11970	68,188,72
PF04320	189,89,174
PF00596	151,55,189
PF11794	88,90,188
PF03241	127,206,101
PF17755	74,206,99
PF06999	59,170,208
PF03284	97,186,70
PF10590	58,189,132
PF01161	126,227,59
PF19305	117,191,78
PF03972	54,205,134
PF04828	68,181,69
PF04927	217,186,91
PF03169	100,200,97
PF14698	104,224,135
PF20979	81,217,156
PF00764	170,216,95
PF02863	203,85,184
PF01316	186,50,112
PF00887	132,52,206
PF02033	185,198,56
PF01139	210,94,201
PF00150	152,59,228
PF01743	218,92,229
PF12627	88,199,71
PF13735	117,226,98
PF08951	83,187,105
PF00677	162,206,91
PF04973	218,91,58
PF00926	178,96,68
PF00925	57,67,225
PF00885	221,140,59
PF01872	228,170,103
PF00383	181,147,83
PF00390	184,103,79
PF03949	179,55,165
PF13813	107,68,186
PF08982	86,204,218
PF13519	222,84,72
PF00484	217,163,68
PF03640	217,147,103
PF10862	198,82,199
PF05423	81,184,172
PF11139	171,68,185
PF02590	222,67,113
PF19263	66,184,75
PF07508	216,96,90
PF06106	69,206,211
PF06124	106,58,209
PF19567	63,98,189
PF02719	177,81,206
PF14296	204,93,196
PF13477	79,149,194
PF19503	205,54,65
PF13166	175,197,64
PF01123	221,111,93
PF02876	53,125,186
PF01207	106,139,218
PF19470	185,91,154
PF04993	54,109,213
PF00388	173,203,83
PF04507	202,60,158
PF01895	197,103,51
PF02782	182,100,89
PF00370	135,65,188
PF00089	84,205,91
PF11089	214,144,81
PF13440	215,91,58
PF14667	183,62,83
PF00722	188,49,137
PF14568	219,135,86
PF00587	192,180,83
PF03129	129,75,224
PF07070	206,99,111
PF20258	86,78,200
PF20259	204,87,93
PF03054	117,62,207
PF01510	110,81,226
PF02965	107,217,214
PF00809	68,133,191
PF02574	73,136,197
PF00294	94,207,198
PF02773	143,191,71
PF02772	215,74,54
PF00438	198,117,90
PF02729	77,99,204
PF00185	84,205,143
PF19112	82,202,147
PF17969	193,85,97
PF13417	171,66,186
PF05593	85,186,222
PF20148	102,224,88
PF19943	78,185,161
PF19459	184,84,98
PF17615	215,217,60
PF02900	197,87,178
PF00096	215,78,157
PF20684	199,225,87
PF05630	225,95,56
PF02386	195,96,167
PF10503	180,70,96
PF06983	199,86,192
PF18047	218,110,91
PF18065	123,196,84
PF21084	137,88,180
PF19155	76,204,135
PF19156	202,115,99
PF19147	184,145,65
PF00301	206,118,99
PF19301	78,200,132
PF18234	80,203,53
PF00816	64,84,187
PF01048	81,138,182
PF01887	195,76,224
PF20257	103,211,132
PF02641	220,100,147
PF21259	64,66,181
PF15979	192,79,106
PF17829	120,184,66
PF00332	115,59,195
PF03583	185,101,220
PF07428	215,156,89
PF06330	150,103,216
PF08195	51,161,202
PF01522	87,198,99
PF00173	179,87,52
PF08392	200,120,99
PF04140	100,223,114
PF06739	47,181,65
PF08417	72,207,135
PF14759	81,138,223
PF01022	147,71,180
PF01152	187,173,73
PF08487	144,188,50
PF00092	97,196,137
PF06628	221,122,107
PF11512	82,133,218
PF13229	151,51,202
PF03070	203,108,220
PF14833	71,220,222
PF03588	169,56,180
PF08532	214,201,64
PF02449	197,61,145
PF02633	220,82,191
PF01180	137,103,209
PF02361	212,131,105
PF09605	212,101,106
PF00551	74,82,197
PF02911	205,97,69
PF00682	214,84,149
PF03473	179,70,169
PF03475	128,224,95
PF00135	79,58,200
PF02515	194,75,118
PF05225	81,59,209
PF03221	51,201,169
PF10551	222,111,226
PF08818	76,133,213
PF17784	132,102,209
PF14697	92,223,96
PF13673	80,212,184
PF03403	121,95,210
PF00866	207,73,138
PF20628	144,71,209
PF02901	130,202,52
PF00444	107,184,217
PF13245	107,102,226
PF00334	112,221,107
PF00929	205,171,73
PF09056	188,112,83
PF01564	181,214,103
PF03994	228,72,214
PF14042	70,187,133
PF10936	183,92,71
PF14525	130,194,61
PF01678	74,112,202
PF13304	218,175,107
PF04303	115,214,75
PF00010	56,213,192
PF19307	108,76,192
PF19822	130,55,209
PF09278	191,103,219
PF11638	89,201,208
PF00308	216,54,213
PF08299	216,123,68
PF00712	225,60,185
PF02767	76,218,118
PF02768	189,147,75
PF13275	148,54,190
PF02463	75,106,195
PF00521	165,212,79
PF03989	50,186,55
PF12732	196,189,64
PF02829	219,196,104
PF05552	76,192,217
PF21088	54,59,184
PF00924	211,219,104
PF21082	58,171,188
PF02403	215,73,99
PF14437	110,200,74
PF12169	86,100,191
PF02575	183,127,69
PF21176	165,61,216
PF02132	108,163,227
PF13662	183,52,141
PF21175	149,56,205
PF06925	82,76,192
PF02436	199,70,136
PF03144	199,166,57
PF05848	97,176,211
PF17727	225,71,131
PF02151	92,197,190
PF00217	227,78,101
PF06745	170,101,208
PF13541	53,89,182
PF02457	74,213,123
PF10635	73,195,77
PF01850	197,55,123
PF04616	84,100,179
PF17851	166,179,80
PF13347	62,143,188
PF04198	201,133,74
PF02817	208,157,99
PF00198	52,198,97
PF00874	62,201,138
PF03610	69,173,223
PF00359	206,98,76
PF02302	92,103,189
PF03611	221,78,175
PF03099	63,185,74
PF02542	81,108,208
PF09180	123,101,215
PF01406	227,74,223
PF09190	220,172,88
PF00636	196,203,79
PF00186	215,81,72
PF18185	163,93,204
PF01964	210,69,81
PF02511	48,189,61
PF08032	77,173,186
PF05991	146,224,79
PF03143	219,124,56
PF00471	174,217,104
PF00584	56,52,203
PF00467	187,213,88
PF00687	85,194,176
PF00623	71,178,113
PF04983	182,94,223
PF05000	217,82,186
PF04998	205,75,141
PF00164	85,219,139
PF00177	97,226,191
PF00338	185,73,193
PF00297	127,195,97
PF00573	204,100,54
PF00181	67,228,132
PF03947	104,194,51
PF00203	206,62,193
PF00237	121,218,103
PF07650	81,87,197
PF00189	127,87,181
PF00252	67,204,141
PF00831	101,180,84
PF00366	80,131,227
PF00238	143,103,216
PF17136	120,179,77
PF00281	209,64,154
PF00673	63,187,138
PF00253	122,65,184
PF00410	153,81,195
PF00347	71,63,183
PF00861	132,194,82
PF00333	224,122,90
PF03719	88,96,214
PF00327	206,209,76
PF00828	124,178,76
PF00344	221,55,186
PF00406	192,203,65
PF01176	68,92,192
PF00416	106,85,198
PF00411	143,178,87
PF00163	177,198,64
PF01479	47,183,140
PF01000	99,104,218
PF03118	118,85,188
PF01196	148,61,222
PF01416	139,66,189
PF00572	83,211,211
PF00380	227,81,105
PF01520	229,113,195
PF03477	67,199,196
PF13597	88,128,191
PF13353	62,201,60
PF19293	170,208,60
PF01515	211,57,156
PF00871	95,201,111
PF12838	91,195,126
PF17147	156,213,105
PF08680	151,201,83
PF08486	69,119,182
PF12116	153,189,88
PF06723	94,213,140
PF06866	196,210,102
PF14520	88,85,204
PF14490	210,207,75
PF18335	209,114,56
PF13538	188,83,112
PF18912	72,181,204
PF05043	179,101,71
PF02255	150,81,225
PF02378	164,79,200
PF07355	101,69,216
PF01112	48,101,181
PF03932	136,71,190
PF02482	151,227,84
PF16321	210,70,119
PF07517	155,200,97
PF21090	216,200,90
PF07516	67,181,116
PF02810	66,121,211
PF03462	102,208,213
PF00472	178,75,211
PF09371	218,215,107
PF16921	57,186,83
PF12836	48,182,151
PF17674	217,122,107
PF12822	184,96,74
PF13475	215,107,229
PF02367	66,99,193
PF00814	54,168,193
PF01228	178,67,119
PF18671	108,90,208
PF18524	145,75,220
PF12681	193,65,194
PF16326	49,191,116
PF12848	184,192,65
PF06971	108,226,127
PF02629	85,221,109
PF02663	201,167,64
PF01258	168,224,72
PF09587	203,94,190
PF03063	198,160,67
PF18267	179,121,73
PF05569	80,184,50
PF21398	55,171,183
PF08239	211,59,78
PF10418	134,216,84
PF02558	66,179,95
PF08546	101,213,147
PF03601	194,72,228
PF07934	199,76,218
PF13396	59,125,222
PF00166	218,123,90
PF00118	65,188,174
PF00731	228,141,94
PF01969	87,205,129
PF00958	153,211,90
PF02417	194,80,219
PF00990	219,91,210
PF00563	222,193,98
PF08013	211,163,86
PF07875	75,138,196
PF01259	90,194,164
PF02142	115,206,68
PF01808	72,155,202
PF02844	81,199,80
PF01071	69,203,205
PF02843	209,168,102
PF18072	128,212,96
PF13507	84,141,216
PF03885	210,173,92
PF01052	84,71,208
PF04316	81,55,206
PF05130	107,50,187
PF00460	207,92,119
PF06429	110,223,131
PF00669	77,226,76
PF02623	47,89,187
PF02599	83,206,142
PF02561	74,184,162
PF02465	66,96,197
PF07196	134,70,194
PF07195	186,116,89
PF05400	103,79,189
PF00700	87,198,203
PF13712	179,201,88
PF02388	81,205,102
PF05523	125,179,58
PF02049	196,79,226
PF01514	198,139,98
PF08345	89,204,186
PF14842	93,190,110
PF14841	99,202,197
PF01706	184,174,74
PF02108	226,88,157
PF18269	199,79,209
PF02050	87,175,205
PF02120	96,216,229
PF03963	216,86,163
PF06289	182,94,47
PF01618	109,221,85
PF13677	69,114,226
PF00691	156,77,182
PF03748	167,198,89
PF00813	147,186,90
PF01313	207,228,63
PF01311	52,184,66
PF01312	85,196,215
PF00771	52,179,180
PF00448	55,84,196
PF02154	61,191,82
PF20903	89,200,106
PF14526	121,212,54
PF12663	72,102,178
PF02811	142,222,76
PF03830	73,147,189
PF03609	216,72,100
PF03613	68,222,169
PF14196	123,222,73
PF12679	192,171,72
PF04015	107,71,180
PF07090	137,50,184
PF14278	152,51,201
PF18937	215,105,68
PF00403	86,147,186
PF01891	180,80,197
PF02553	70,195,116
PF00580	228,100,175
PF13361	81,92,185
PF21196	124,50,198
PF02127	74,186,55
PF00160	69,187,86
PF02833	90,181,155
PF01368	84,191,181
PF14689	185,76,217
PF13569	87,226,224
PF18991	64,85,216
PF03692	152,63,197
PF04607	178,192,82
PF13679	96,130,197
PF06941	66,181,122
PF04414	134,63,180
PF00367	68,209,102
PF00358	199,90,78
PF00232	216,220,104
PF03123	161,57,207
PF07155	59,200,68
PF01869	80,207,142
PF06050	221,71,120
PF01012	212,182,65
PF00766	73,171,229
PF02954	181,158,71
PF01116	97,225,181
PF08921	133,180,64
PF12323	55,164,216
PF01385	72,105,193
PF07282	87,151,203
PF05958	222,145,80
PF14020	79,103,211
PF04122	81,198,206
PF13276	81,127,201
PF19328	206,69,69
PF16552	205,54,99
PF09043	111,170,228
PF16554	208,93,92
PF13941	70,154,203
PF01168	190,90,159
PF03553	96,100,227
PF06445	86,114,203
PF01797	180,66,67
PF01418	108,221,227
PF08282	87,121,191
PF03965	188,81,198
PF03167	83,181,58
PF00893	102,227,69
PF07554	110,187,80
PF07943	82,117,193
PF00768	58,207,160
PF06738	76,213,141
PF12821	103,159,218
PF13493	152,198,89
PF03806	78,203,216
PF07687	81,219,148
PF11299	64,71,185
PF04509	205,90,149
PF03975	76,126,214
PF01584	84,217,190
PF12729	162,180,75
PF00015	108,187,82
PF01627	52,188,93
PF07194	183,52,49
PF02895	148,50,180
PF03705	47,90,184
PF01739	123,95,197
PF01339	114,69,190
PF13739	189,68,184
PF11738	55,131,201
PF06161	180,71,210
PF17125	187,225,92
PF17126	186,80,145
PF13636	214,99,133
PF10502	106,193,49
PF00485	162,213,64
PF04960	208,82,81
PF12840	149,90,225
PF13534	194,63,67
PF05866	55,185,106
PF08331	218,62,74
PF13484	209,115,80
PF20437	84,146,215
PF13654	216,181,61
PF20436	90,184,173
PF05362	98,54,191
PF02645	182,89,121
PF02608	88,183,192
PF21778	149,185,78
PF08812	88,61,180
PF04286	89,160,202
PF07973	212,97,59
PF12784	185,61,178
PF17932	211,91,211
PF19605	94,54,207
PF11922	105,224,144
PF11007	132,191,66
PF12652	104,188,56
PF05067	69,199,173
PF02870	177,191,78
PF01035	70,69,187
PF12675	62,194,211
PF00654	92,189,106
PF02080	189,200,89
PF11148	153,194,56
PF07872	205,135,71
PF08765	159,185,64
PF09524	69,202,192
PF00772	194,82,173
PF03796	59,226,164
PF12801	69,137,183
PF13508	224,67,82
PF12952	92,175,204
PF02661	95,72,227
PF13346	164,227,78
PF12918	199,218,72
PF12919	199,88,72
PF11713	208,63,58
PF12920	185,89,168
PF05105	186,52,102
PF11731	51,131,183
PF01784	163,79,228
PF16481	194,171,59
PF00474	192,57,99
PF01434	184,72,77
PF17862	183,142,68
PF05198	214,213,97
PF00707	192,63,113
PF01632	55,207,76
PF00453	227,109,203
PF02254	101,221,225
PF02912	69,94,224
PF01409	168,73,224
PF01588	99,223,99
PF03483	94,199,173
PF03484	166,66,180
PF17759	208,96,159
PF03147	143,105,226
PF05164	186,126,66
PF06912	223,80,223
PF01136	87,179,79
PF12392	206,69,188
PF00488	185,76,67
PF20297	93,187,212
PF01713	183,168,84
PF04463	115,87,203
PF03485	73,223,127
PF00750	226,67,212
PF05746	170,75,213
PF13311	142,225,96
PF13181	216,64,149
PF07719	216,62,145
PF01656	83,212,54
PF01268	182,169,61
PF04961	211,204,100
PF00763	215,103,162
PF02882	74,190,129
PF12225	200,220,99
PF03599	70,194,157
PF04060	215,76,93
PF18537	85,218,125
PF03598	67,94,197
PF19436	82,215,135
PF17650	95,194,118
PF17651	83,73,182
PF14574	60,154,188
PF10133	51,108,202
PF12953	75,203,88
PF14133	184,199,58
PF04346	74,72,194
PF00455	65,203,207
PF08220	65,156,198
PF20560	219,60,151
PF13416	78,192,95
PF02926	63,181,169
PF02568	184,60,123
PF07963	202,213,93
PF18223	111,97,225
PF01699	225,79,70
PF03880	208,149,78
PF06923	218,63,149
PF03608	123,59,185
PF03612	88,201,122
PF07663	216,226,94
PF03829	218,84,178
PF03862	71,227,155
PF07451	185,63,74
PF06675	169,223,86
PF00912	191,154,91
PF09560	72,219,96
PF05580	84,207,77
PF07314	203,68,133
PF04071	188,123,89
PF13167	210,71,125
PF16360	178,94,88
PF01205	175,82,192
PF09186	211,99,107
PF20772	140,56,215
PF01709	185,79,83
PF02447	142,82,185
PF00582	201,182,65
PF02915	226,211,86
PF21349	227,134,101
PF01475	105,90,211
PF06397	214,218,78
PF01880	72,222,98
PF01645	205,62,177
PF00330	59,203,146
PF00694	93,206,89
PF00180	208,112,63
PF19848	163,83,219
PF19677	85,180,164
PF03188	186,76,111
PF01978	88,195,177
PF02056	112,199,92
PF11975	52,192,63
PF01661	85,184,164
PF12727	151,90,186
PF13531	120,184,78
PF12464	183,225,107
PF04392	86,80,194
PF03853	58,101,183
PF01256	106,58,193
PF01957	123,194,55
PF08323	108,120,218
PF00343	112,82,192
PF01276	67,162,180
PF03711	58,208,202
PF02675	100,91,191
PF17284	194,56,196
PF00037	143,50,195
PF02906	188,123,84
PF20092	67,223,178
PF08903	226,206,82
PF20921	96,191,194
PF00817	80,115,222
PF01545	92,108,204
PF16916	170,189,89
PF19558	99,223,61
PF06695	199,198,85
PF08502	195,185,90
PF06245	188,74,226
PF08497	158,68,204
PF11842	183,105,61
PF09084	196,74,83
PF04073	142,66,215
PF05681	86,124,184
PF05683	79,181,85
PF12674	196,51,133
PF17783	200,203,91
PF13509	178,140,54
PF01182	178,150,51
PF09359	105,211,216
PF16316	57,192,139
PF08757	214,58,162
PF08402	227,71,139
PF03170	52,83,187
PF01832	94,96,218
PF21465	80,201,72
PF12705	208,102,142
PF21445	188,111,62
PF12320	111,190,67
PF13476	87,182,208
PF13558	182,86,157
PF01595	209,85,160
PF03471	208,76,106
PF01594	107,225,107
PF20143	166,200,71
PF01513	87,207,209
PF04245	88,130,224
PF05979	200,54,151
PF03437	101,180,213
PF03453	64,190,49
PF00994	105,221,202
PF03205	105,216,143
PF02535	78,209,180
PF11193	75,185,51
PF14512	88,90,190
PF16822	226,68,97
PF03062	214,142,70
PF02739	146,77,181
PF01367	87,180,190
PF01612	72,229,134
PF01121	85,228,155
PF13375	226,141,112
PF01512	219,87,180
PF13237	81,108,207
PF03116	54,96,207
PF04205	166,67,213
PF02508	63,77,190
PF02545	217,152,95
PF20582	214,84,134
PF04002	151,85,200
PF04085	159,74,200
PF04093	91,194,100
PF01098	72,198,86
PF19583	189,51,55
PF19864	207,71,157
PF10105	66,181,147
PF10150	88,132,212
PF00829	225,114,102
PF04327	217,80,66
PF01016	161,179,79
PF01018	67,187,100
PF09269	94,189,221
PF01985	200,102,53
PF03447	69,192,213
PF00742	70,209,92
PF21113	121,194,55
PF05636	204,92,182
PF02620	84,200,165
PF01783	103,220,203
PF02504	181,84,113
PF12637	179,215,79
PF06874	216,185,86
PF19568	185,76,138
PF09548	182,105,78
PF06686	209,144,69
PF09546	171,91,207
PF09581	218,220,102
PF12685	94,221,167
PF03780	200,53,122
PF01029	183,222,108
PF13742	175,215,87
PF02601	86,196,146
PF02609	146,183,48
PF02681	205,81,102
PF13292	91,140,186
PF01728	125,83,213
PF08769	179,64,109
PF04263	191,116,89
PF12555	205,90,88
PF11382	66,104,210
PF12982	89,185,92
PF02899	197,94,61
PF01676	214,73,179
PF07831	222,149,98
PF02618	156,218,74
PF16325	123,185,48
PF00515	228,74,188
PF13431	106,218,78
PF03413	203,98,81
PF04892	62,172,189
PF08207	217,83,148
PF01132	70,213,167
PF09285	64,217,74
PF14622	72,187,89
PF00035	98,224,221
PF16199	111,89,212
PF02881	51,128,180
PF04297	228,181,73
PF02978	227,94,170
PF00886	197,52,60
PF13083	64,203,125
PF01782	99,68,207
PF05239	207,169,60
PF01746	81,186,122
PF01245	92,195,124
PF05525	222,95,225
PF02867	55,182,151
PF01351	55,192,201
PF21095	54,138,210
PF02559	94,136,195
PF02021	202,53,199
PF01078	187,66,82
PF13335	131,198,83
PF02481	183,84,194
PF01396	173,94,207
PF06018	181,153,61
PF08222	184,79,84
PF16193	83,219,155
PF12002	65,225,75
PF12746	218,159,96
PF01592	123,59,191
PF01411	54,186,183
PF02272	156,97,225
PF06135	67,55,201
PF03652	56,99,213
PF06949	183,79,165
PF04307	68,55,198
PF07521	95,223,174
PF17770	196,217,94
PF09391	210,97,229
PF02311	70,199,223
PF02616	186,171,65
PF04079	88,161,218
PF11167	183,147,58
PF02789	117,199,84
PF00883	202,71,203
PF14808	66,187,192
PF03819	92,159,212
PF02146	73,171,189
PF14480	82,214,120
PF11490	183,211,69
PF07733	199,78,160
PF17657	213,98,61
PF14579	115,60,178
PF02576	186,197,78
PF17384	210,125,88
PF08529	74,188,171
PF13184	158,207,89
PF04296	175,74,185
PF01248	195,73,71
PF04760	188,126,73
PF11987	68,72,225
PF01509	182,66,165
PF16198	77,184,116
PF06574	86,148,183
PF01687	74,191,134
PF00312	126,104,215
PF01138	184,59,99
PF03725	60,115,186
PF03726	182,179,55
PF00013	86,220,171
PF00675	81,198,161
PF05193	77,149,192
PF13840	106,216,98
PF00574	77,80,194
PF17854	99,73,186
PF01580	85,60,218
PF09397	64,203,222
PF00919	205,177,72
PF18693	213,92,111
PF00154	104,81,220
PF21096	109,216,92
PF12072	89,206,183
PF08006	61,194,77
PF08543	84,196,155
PF12671	191,198,76
PF00639	91,186,132
PF20765	205,108,60
PF04984	77,203,72
PF17482	60,189,136
PF09393	117,73,199
PF08890	83,223,62
PF21821	205,94,148
PF10844	183,197,66
PF10934	120,178,57
PF04865	69,213,121
PF10076	212,158,101
PF12571	101,82,202
PF00415	113,87,190
PF13540	168,220,61
PF12844	99,86,186
PF03746	213,89,187
PF01566	227,108,221
PF02682	186,90,165
PF02626	211,83,58
PF05684	136,204,85
PF12983	91,67,196
PF03009	220,72,205
PF05402	205,87,187
PF13539	84,208,87
PF18146	85,218,89
PF02464	71,200,137
PF00882	110,159,223
PF03729	157,211,77
PF04657	163,206,99
PF01902	82,182,115
PF02308	93,208,150
PF13307	229,110,92
PF01693	110,210,74
PF10417	78,173,179
PF00578	166,190,87
PF12229	185,87,227
PF04294	62,66,184
PF07501	56,198,178
PF03788	80,204,191
PF04172	75,184,69
PF02588	152,87,192
PF10035	120,181,77
PF02493	188,74,121
PF14504	82,140,220
PF02152	180,48,157
PF01288	155,199,90
PF01807	186,58,163
PF08275	73,191,176
PF13155	62,104,204
PF10410	199,54,203
PF03979	87,175,181
PF00140	186,139,88
PF12847	126,61,221
PF12900	89,195,192
PF19124	158,106,224
PF07853	205,68,132
PF01738	106,150,228
PF04023	210,124,94
PF02421	172,212,96
PF17910	80,173,185
PF07670	45,126,179
PF07664	71,203,60
PF12669	219,63,76
PF12672	146,198,75
PF19694	127,188,79
PF09383	102,226,101
PF03180	126,68,217
PF02245	153,205,80
PF06207	202,50,192
PF13588	169,189,68
PF08534	219,80,114
PF11155	88,188,153
PF02569	224,99,161
PF02548	91,199,61
PF10728	137,97,218
PF09991	183,195,61
PF13533	80,227,161
PF14691	150,46,181
PF08876	80,180,141
PF03006	135,206,73
PF13393	79,217,66
PF01634	93,216,151
PF00475	99,202,113
PF00977	161,58,197
PF01502	80,54,207
PF01503	71,183,219
PF13624	105,81,213
PF13616	89,214,173
PF02625	197,88,191
PF13478	77,134,189
PF01863	56,181,134
PF13710	217,167,81
PF07991	101,226,129
PF01450	197,52,145
PF14657	94,155,191
PF08797	82,60,179
PF07804	77,120,225
PF06114	223,73,162
PF02498	207,54,169
PF10543	180,52,149
PF10926	90,192,95
PF10991	207,204,82
PF05272	102,165,216
PF00176	187,58,184
PF04466	175,206,71
PF17288	211,57,60
PF05133	221,226,65
PF04233	65,185,58
PF06810	79,117,188
PF04883	150,73,203
PF17481	184,181,83
PF11611	69,186,97
PF14471	181,163,64
PF09851	80,208,102
PF20155	98,205,163
PF01476	196,87,177
PF16079	131,195,94
PF07751	59,189,185
PF03990	60,221,104
PF06725	217,131,79
PF03631	71,218,156
PF00815	202,87,87
PF03814	217,68,164
PF02669	87,227,106
PF07737	80,217,191
PF01541	68,211,135
PF02110	51,73,198
PF02581	147,73,227
PF02557	141,89,201
PF00842	61,208,223
PF02777	132,201,54
PF00081	208,170,61
PF14266	205,146,81
PF00690	101,83,218
PF13246	185,86,66
PF00689	191,133,84
PF05816	103,211,155
PF15617	69,202,187
PF15609	162,183,77
PF12500	84,52,187
PF11202	134,204,83
PF15608	220,109,127
PF10437	223,168,108
PF02347	69,197,201
PF21478	61,120,191
PF06865	87,218,183
PF08874	51,170,201
PF12395	202,53,97
PF10110	88,185,105
PF05857	99,201,167
PF01470	98,101,205
PF06166	208,85,190
PF06149	159,206,74
PF12724	90,129,184
PF01156	175,90,190
PF00085	202,129,58
PF02579	57,212,125
PF01235	127,66,192
PF16124	89,175,190
PF09382	85,190,64
PF00570	215,100,128
PF14493	58,118,200
PF02597	88,81,214
PF14453	90,210,83
PF00899	73,211,94
PF05690	93,49,185
PF03606	88,186,157
PF12804	203,166,82
PF13380	98,109,229
PF01906	72,167,223
PF06463	187,164,88
PF01967	86,86,193
PF02133	106,215,192
PF06032	111,143,229
PF20906	70,124,227
PF05378	113,188,229
PF01968	100,143,211
PF20240	69,116,185
PF19524	194,93,213
PF02690	89,185,163
PF01208	103,207,188
PF09338	197,147,69
PF03616	87,197,90
PF00962	183,152,82
PF12787	80,185,225
PF18560	191,134,81
PF01327	194,96,179
PF03013	191,79,101
PF11208	126,52,192
PF06961	64,208,228
PF15417	203,105,61
PF09989	81,47,181
PF09719	196,190,95
PF03960	189,76,129
PF14062	156,188,55
PF01171	94,170,216
PF01170	102,213,180
PF16169	105,217,195
PF07739	221,129,95
PF14276	226,77,120
PF08980	91,206,209
PF01077	97,212,112
PF03460	185,149,81
PF00532	65,199,87
PF00251	199,99,102
PF08244	90,224,216
PF07866	66,187,120
PF03486	110,224,157
PF02224	217,154,98
PF02401	72,198,172
PF11449	91,213,85
PF13382	181,61,186
PF03883	73,201,89
PF04204	87,92,199
PF06480	53,206,87
PF02702	72,76,209
PF01544	181,73,215
PF01264	61,206,183
PF00800	121,222,110
PF01202	85,205,211
PF02698	182,131,70
PF17210	221,87,74
PF01345	189,173,55
PF18812	80,211,146
PF13408	81,198,153
PF00936	189,70,101
PF10662	172,82,199
PF12282	106,226,199
PF07568	219,68,209
PF06277	59,209,54
PF06751	100,211,77
PF05985	206,61,77
PF01923	174,94,190
PF06130	208,64,81
PF03319	104,180,53
PF06249	73,68,202
PF00717	81,121,210
PF01726	205,72,206
PF21631	55,167,196
PF04232	189,144,58
PF03255	80,127,197
PF01996	198,55,218
PF13486	82,208,64
PF08840	108,187,226
PF04775	188,52,209
PF04474	200,98,51
PF06838	97,177,221
PF17209	65,182,156
PF01715	48,183,162
PF08676	217,72,69
PF01119	69,197,185
PF05192	180,46,87
PF05188	51,191,190
PF01624	198,165,75
PF01910	74,105,205
PF12650	202,112,97
PF01938	209,142,90
PF17099	189,182,49
PF05223	57,204,151
PF13630	138,73,206
PF10114	221,76,155
PF00920	206,85,89
PF05732	225,91,217
PF14268	204,130,89
PF11188	194,91,98
PF13443	226,74,207
PF06962	208,79,109
PF03950	211,163,89
PF20974	98,214,164
PF19279	184,100,77
PF13170	193,177,53
PF19842	71,203,154
PF00860	119,223,77
PF12837	206,89,180
PF10117	189,139,87
PF06177	81,212,214
PF03706	196,94,200
PF16949	138,86,220
PF00923	93,197,162
PF21018	216,207,83
PF14821	55,172,197
PF08238	219,207,71
PF12725	209,85,117
PF19092	67,179,96
PF04551	196,196,83
PF13288	182,79,163
PF08436	81,210,170
PF02670	145,50,182
PF01148	85,165,180
PF01765	64,165,225
PF00889	146,206,93
PF00318	51,196,131
PF07885	224,106,165
PF06803	198,61,88
PF02659	101,215,193
PF05343	65,173,198
PF21699	49,181,99
PF18128	196,84,218
PF18133	116,74,201
PF06541	218,184,79
PF01641	150,191,67
PF01625	198,88,150
PF00375	71,97,188
PF08455	123,222,97
PF11308	150,193,69
PF03633	75,195,158
PF03632	187,76,136
PF03636	166,58,198
PF02903	96,116,193
PF00210	181,57,174
PF13549	88,220,178
PF13607	229,146,74
PF01487	172,76,228
PF12695	213,138,89
PF13515	185,58,94
PF01226	212,99,148
PF17179	88,181,176
PF03629	124,185,91
PF04074	149,99,209
PF04131	187,135,80
PF00152	55,194,143
PF01336	183,80,124
PF12655	218,164,82
PF05762	216,87,117
PF12544	85,185,179
PF13303	60,191,54
PF19935	85,149,189
PF16188	211,86,111
PF16189	199,152,95
PF01321	187,158,89
PF11687	160,66,179
PF03591	195,68,143
PF05437	66,224,83
PF12676	172,213,65
PF00834	99,211,166
PF02502	186,79,99
PF10112	78,160,183
PF13336	95,172,197
PF02550	54,116,190
PF06826	193,75,151
PF19364	163,225,102
PF04723	87,150,223
PF01432	223,110,205
PF03243	66,217,144
PF03773	86,202,219
PF02635	204,121,73
PF01729	102,154,208
PF02749	218,116,74
PF02445	87,67,199
PF02554	211,206,76
PF13722	219,56,64
PF07561	226,228,68
PF06506	196,111,76
PF12653	84,207,181
PF00692	196,144,52
PF13342	188,109,48
PF03618	84,128,183
PF21135	82,182,186
PF02092	227,225,98
PF02091	88,189,148
PF14242	98,211,197
PF02565	65,119,219
PF11967	90,224,56
PF01769	192,70,179
PF03448	222,105,83
PF01219	94,194,212
PF02130	92,202,207
PF02562	227,99,228
PF06898	79,170,187
PF07873	167,222,71
PF03073	98,83,215
PF09424	202,75,166
PF01165	61,188,144
PF01230	102,229,185
PF04452	144,195,95
PF20260	96,207,195
PF01881	216,150,72
PF17912	67,70,212
PF01556	193,119,89
PF00226	78,134,192
PF01025	67,218,155
PF01628	179,60,177
PF06969	88,192,65
PF06421	181,50,76
PF07454	67,203,70
PF03418	107,95,221
PF01649	155,71,189
PF21694	136,59,191
PF06144	197,90,155
PF03772	224,104,178
PF13530	179,52,50
PF17668	95,107,214
PF07009	206,121,64
PF02424	84,179,161
PF20511	67,214,81
PF21621	179,57,132
PF09107	195,68,103
PF09106	132,55,192
PF12390	77,183,116
PF10087	57,154,180
PF01842	171,88,195
PF00710	123,101,205
PF17763	92,222,106
PF13603	190,75,125
PF02410	97,167,205
PF02631	58,216,222
PF02922	97,219,161
PF16138	70,229,110
PF07238	74,200,151
PF13320	89,217,143
PF03602	200,156,62
PF19833	187,63,203
PF17191	130,77,184
PF13684	179,87,72
PF21645	52,197,133
PF02734	85,186,76
PF00830	179,90,78
PF01074	51,200,72
PF09261	202,89,186
PF07748	57,76,201
PF17677	92,213,177
PF04265	172,194,56
PF16745	140,196,72
PF03793	209,67,214
PF21016	88,82,204
PF04298	76,65,196
PF01976	213,157,100
PF18074	188,74,96
PF18319	215,156,58
PF17764	130,88,191
PF04127	46,179,129
PF01192	184,184,73
PF00625	69,112,186
PF08340	68,155,180
PF03755	212,81,142
PF05833	177,198,82
PF05670	183,54,82
PF01252	208,168,104
PF06580	162,100,207
PF07694	191,72,196
PF03496	93,167,193
PF07691	76,203,83
PF03495	60,215,210
PF17475	96,55,196
PF17476	216,94,63
PF05103	64,224,206
PF17774	78,178,205
PF02325	207,94,215
PF04472	179,45,62
PF12700	156,65,192
PF05167	96,209,75
PF13740	57,205,61
PF20439	61,132,186
PF20438	62,64,225
PF09547	87,179,111
PF07479	106,215,109
PF01210	48,179,136
PF02660	201,101,94
PF14714	107,222,118
PF04459	113,219,91
PF19238	121,192,82
PF17820	202,69,119
PF14045	151,106,221
PF02578	228,138,60
PF03419	202,195,97
PF12327	70,214,170
PF00091	182,60,188
PF06947	153,73,189
PF05949	205,202,73
PF08478	59,104,190
PF02875	117,196,94
PF08245	68,60,179
PF21799	185,80,212
PF00953	189,86,126
PF10555	183,136,90
PF01225	195,166,73
PF01795	61,213,178
PF01790	89,147,182
PF06071	164,213,82
PF10371	190,53,164
PF00269	225,133,98
PF03590	147,91,216
PF12683	86,206,187
PF18317	191,174,88
PF12686	138,96,205
PF05036	98,224,185
PF04246	105,140,222
PF02583	228,113,155
PF02580	184,126,78
PF13291	91,100,198
PF19296	225,87,223
PF13328	79,178,189
PF17768	148,195,80
PF04647	168,226,74
PF05524	56,222,56
PF00381	66,186,209
PF12950	73,153,197
PF14270	101,169,214
PF04488	56,93,214
PF16401	94,229,65
PF04138	52,94,204
PF07523	103,196,70
PF13402	213,89,108
PF00404	224,74,210
PF13165	51,191,116
PF12670	121,59,206
PF02699	216,64,75
PF06146	202,184,94
PF02547	183,111,224
PF05491	138,194,83
PF17864	221,129,93
PF05496	207,103,90
PF07499	211,189,93
PF01330	66,188,196
PF02075	176,66,209
PF17042	222,136,80
PF07005	195,117,73
PF14031	108,59,187
PF12641	227,188,58
PF05737	105,178,75
PF13171	74,214,112
PF04519	52,205,139
PF04914	126,203,98
PF19289	192,83,50
PF19290	192,59,83
PF01523	197,66,147
PF03812	197,62,107
PF04295	91,133,190
PF20629	227,228,87
PF04794	56,210,118
PF13343	78,107,220
PF01813	200,190,79
PF16886	70,69,179
PF01990	60,165,211
PF01992	209,64,153
PF01991	183,197,93
PF00137	162,57,201
PF01496	188,89,123
PF16924	114,102,216
PF02632	220,219,77
PF09827	217,84,170
PF01930	106,220,208
PF01905	201,101,225
PF09706	192,90,75
PF00268	204,108,82
PF00317	69,194,153
PF08343	138,211,94
PF19062	188,69,161
PF18481	214,123,106
PF02683	91,192,161
PF06800	207,76,113
PF03595	113,227,168
PF08902	99,152,203
PF12708	191,58,188
PF09860	66,133,179
PF11495	51,204,167
PF09967	67,197,210
PF13203	80,200,160
PF06081	57,189,78
PF11728	111,229,97
PF05913	89,150,182
PF19200	66,182,50
PF03702	192,201,97
PF12832	85,200,87
PF07510	203,95,57
PF03235	197,59,167
PF08463	100,69,220
PF13643	159,207,78
PF18765	217,99,151
PF01420	227,160,78
PF12161	153,53,188
PF02595	91,209,102
PF16657	54,179,113
PF00365	195,49,121
PF11337	102,204,55
PF04014	95,137,226
PF14287	167,199,55
PF02486	183,99,85
PF18106	86,121,186
PF10694	215,87,73
PF19539	55,199,198
PF09983	97,201,72
PF08867	92,65,227
PF13751	189,204,62
PF21350	191,50,198
PF20648	118,76,199
PF13151	65,71,213
PF12668	48,189,173
PF10546	77,185,126
PF01668	195,152,73
PF08974	193,173,79
PF00773	95,216,100
PF17876	182,193,91
PF08206	92,73,196
PF03840	194,92,100
PF00113	81,222,115
PF03952	218,167,85
PF06415	227,182,70
PF00121	203,95,61
PF00162	196,128,87
PF21715	216,56,162
PF04552	59,219,183
PF04963	208,58,194
PF00309	70,197,130
PF13563	58,196,62
PF02096	56,198,65
PF12636	63,167,202
PF01430	134,70,222
PF01113	197,122,61
PF05173	227,89,207
PF08503	97,154,200
PF01391	188,190,72
PF00436	192,148,65
PF05544	204,94,227
PF14277	91,146,202
PF10458	110,200,84
PF08439	191,84,148
PF09388	85,190,205
PF07456	227,109,109
PF13180	211,54,82
PF00342	151,196,88
PF21688	168,53,198
PF00482	98,220,108
PF00437	140,60,209
PF02190	206,132,78
PF06689	223,220,103
PF05698	223,107,139
PF00254	178,176,45
PF05697	173,211,60
PF01725	139,216,80
PF00533	78,103,216
PF12826	224,83,202
PF03119	206,56,127
PF03120	64,108,185
PF01653	99,161,206
PF12646	188,181,81
PF12800	91,125,205
PF02256	99,201,119
PF02634	229,97,65
PF12654	150,224,106
PF06353	219,97,131
PF06182	65,220,189
PF12647	203,95,82
PF02887	191,163,58
PF00224	72,180,133
PF02650	61,228,136
PF14527	213,143,84
PF10298	56,203,58
PF01933	65,180,50
PF03668	123,188,76
PF02873	182,57,177
PF01257	55,179,160
PF10589	147,214,70
PF13510	100,191,205
PF10588	109,184,87
PF07475	95,155,224
PF02603	226,99,186
PF08459	180,56,189
PF17760	190,68,55
PF12344	181,177,64
PF17757	72,147,221
PF06180	106,134,225
PF02571	167,82,184
PF01890	62,198,176
PF11761	179,67,137
PF11760	179,73,63
PF01888	197,99,85
PF02570	70,226,208
PF03186	77,218,177
PF07685	153,220,83
PF02654	216,189,92
PF02283	213,56,196
PF02277	86,141,210
PF21378	197,53,54
PF00872	81,171,191
PF20317	215,191,64
PF14285	164,65,228
PF02452	70,152,222
PF02823	214,200,102
PF00231	80,178,198
PF00306	223,82,189
PF00213	181,113,57
PF00430	224,212,61
PF00119	185,118,92
PF03899	209,81,133
PF09527	71,215,100
PF03481	197,88,133
PF17827	80,224,162
PF07136	96,220,173
PF01197	57,76,225
PF07497	65,198,102
PF07498	103,197,61
PF19732	179,206,60
PF02541	58,190,50
PF04977	162,64,200
PF09578	182,182,79
PF00216	98,92,195
PF15714	71,156,186
PF03461	90,192,80
PF01195	215,102,156
PF01478	71,80,224
PF06750	194,70,215
PF04350	228,209,102
PF05137	108,57,187
PF05157	189,108,223
PF04026	78,169,182
PF09182	190,111,223
PF00398	219,85,173
PF13331	195,78,138
PF06007	121,226,79
PF05861	183,106,65
PF05845	122,190,67
PF06754	213,128,94
PF19303	117,194,79
PF09334	60,78,206
PF17956	227,94,173
PF04468	82,207,139
PF09115	192,77,95
PF02223	179,45,114
PF04070	206,61,169
PF03309	183,130,64
PF02237	149,205,62
PF11734	145,209,93
PF09148	226,207,93
PF07486	106,54,190
PF09551	54,109,190
PF12673	111,202,75
PF06257	138,209,101
PF05582	109,70,199
PF12640	203,110,84
PF07205	225,130,103
PF10672	83,200,121
PF02787	210,101,66
PF00988	57,179,79
PF00215	86,194,68
PF08901	196,188,59
PF02073	215,87,68
PF02664	104,89,214
PF01458	108,103,215
PF12638	89,196,195
PF04343	146,228,105
PF18202	74,60,197
PF06125	70,107,196
PF14317	190,142,62
PF12664	105,201,213
PF00302	200,206,92
PF07275	97,178,207
PF12846	194,123,92
PF13702	80,186,113
PF12642	157,55,195
PF13783	83,182,47
PF02920	130,80,186
PF13102	163,67,205
PF10026	146,206,78
PF12788	121,208,104
PF03831	224,101,219
PF08274	221,101,163
PF07242	161,222,60
PF01081	180,50,73
PF18232	64,223,211
PF06496	151,182,76
PF08309	196,55,87
PF07071	81,207,190
PF01433	55,196,89
PF07261	143,95,191
PF03948	62,89,190
PF01281	186,91,177
PF21370	159,94,189
PF12643	73,202,222
PF01084	143,195,56
PF01250	193,154,61
PF06107	103,119,209
PF11823	61,171,228
PF01206	116,179,52
PF14938	179,88,66
PF17762	89,224,106
PF02527	91,97,222
PF13932	195,219,62
PF21680	205,182,58
PF01134	97,224,101
PF12631	215,85,163
PF10396	174,183,55
PF01424	104,208,199
PF14804	68,226,143
PF01809	192,58,157
PF00825	98,150,203
PF00468	216,63,209
PF14428	197,214,75
PF14430	188,67,174
PF17131	218,180,68
PF05947	133,106,214
PF09850	79,208,185
PF13160	166,217,92
PF06368	69,180,87
PF19495	125,224,86
PF00331	179,118,63
PF00657	99,193,95
PF19136	109,226,206
PF19674	51,196,167
PF05373	196,117,95
PF12391	54,192,166
PF00775	61,224,204
PF19420	76,184,83
PF16912	68,102,189
PF19938	225,80,70
PF10282	214,86,182
PF07994	76,212,121
PF18014	223,152,107
PF08044	122,199,69
PF19534	51,132,181
PF02036	149,55,182
PF19594	214,81,187
PF14219	104,226,189
PF14447	223,77,142
PF10370	197,99,199
PF06241	141,88,208
PF01814	226,72,132
PF04476	165,77,209
PF13499	53,191,76
PF14867	211,214,86
PF09209	211,70,191
PF19475	204,202,61
PF20211	90,224,129
PF01861	67,220,84
PF13610	65,212,107
PF15801	66,204,81
PF13826	69,183,78
PF16177	198,59,117
PF00939	221,70,129
PF04752	46,143,185
PF03929	63,204,143
PF11575	183,71,188
PF07714	125,209,59
PF07158	134,64,190
PF14897	63,219,142
PF01397	218,66,61
PF03936	198,82,218
PF21348	200,160,82
PF18370	93,111,197
PF14200	75,133,184
PF02156	206,167,79
PF19691	81,85,212
PF03457	227,157,104
PF02522	53,181,89
PF11256	158,203,76
PF00856	122,95,207
PF13401	217,86,82
PF01356	183,147,57
PF04167	223,93,130
PF08310	175,184,72
PF00462	204,156,56
PF11890	113,205,84
PF19983	138,185,72
PF09317	76,200,154
PF19313	192,109,80
PF19632	228,88,85
PF13995	90,222,113
PF10784	109,191,66
PF21523	223,71,200
PF06406	166,198,75
PF11639	80,208,187
PF19375	126,227,63
PF19398	112,203,89
PF07862	61,111,193
PF04655	138,193,51
PF01758	87,140,217
PF13410	143,197,67
PF08445	140,185,54
PF19402	102,208,156
PF17754	163,49,185
PF10129	219,188,56
PF11946	122,57,196
PF08883	98,137,215
PF04328	221,68,212
PF16694	194,88,227
PF07171	173,73,227
PF07364	208,69,65
PF09594	93,200,78
PF04964	99,203,183
PF08130	99,203,117
PF00346	99,129,216
PF09008	138,209,63
PF05195	145,193,75
PF11852	203,229,107
PF17967	51,204,158
PF10944	140,71,196
PF01163	183,216,84
PF19757	149,195,71
PF04075	150,207,83
PF03664	68,179,69
PF12013	226,135,102
PF19466	58,95,186
PF07077	54,186,189
PF14013	130,226,70
PF00862	77,188,87
PF02275	191,181,66
PF00115	132,75,197
PF17203	82,222,113
PF18844	199,72,187
PF19734	75,188,187
PF02733	124,98,215
PF02637	58,137,183
PF02934	82,211,83
PF02686	182,133,80
PF21157	194,150,93
PF10977	167,93,223
PF14269	139,201,88
PF09423	214,135,94
PF03594	154,56,182
PF14410	94,125,207
PF20410	72,184,46
PF04955	188,91,213
PF10670	70,207,127
PF14117	67,189,126
PF01223	224,176,104
PF00042	91,117,209
PF19678	211,103,121
PF06039	136,83,207
PF03150	49,127,193
PF06094	65,58,181
PF09537	104,206,72
PF01028	224,88,221
PF21338	90,140,210
PF04304	179,65,191
PF01126	71,102,195
PF10982	124,192,53
PF19806	201,86,165
PF19740	120,225,65
PF07929	112,76,185
PF12806	203,134,83
PF12418	186,209,104
PF08237	115,92,219
PF18082	67,204,83
PF18164	185,76,193
PF12740	61,217,106
PF01297	183,66,69
PF07504	63,110,183
PF01447	73,208,125
PF02868	218,72,228
PF14534	114,76,182
PF18678	203,58,226
PF06500	178,134,76
PF02604	146,57,202
PF06769	73,164,212
PF19463	203,115,67
PF11599	186,72,123
PF14588	202,80,137
PF02374	193,89,126
PF17243	74,136,200
PF07244	96,200,208
PF01103	207,96,150
PF04357	202,131,59
PF00930	92,204,212
PF04191	207,152,99
PF01346	73,178,108
PF16889	107,87,195
PF07940	197,98,110
PF17836	63,194,81
PF19299	221,95,189
PF01209	156,70,227
PF00227	110,195,73
PF08042	192,92,176
PF06189	60,124,214
PF02028	76,202,175
PF19477	191,50,135
PF06176	213,101,143
PF08437	138,225,90
PF01501	218,58,152
PF07922	90,216,207
PF06293	76,179,176
PF02560	174,183,53
PF21291	210,73,106
PF19735	225,71,109
PF14016	90,205,58
PF19392	193,168,57
PF05116	109,218,86
PF08030	94,190,199
PF08022	133,46,182
PF05305	73,183,209
PF05065	198,57,62
PF13473	89,178,193
PF01774	107,188,59
PF01730	205,157,99
PF19140	173,226,93
PF19703	70,72,178
PF19940	90,204,152
PF05638	210,147,88
PF03709	93,220,87
PF05106	61,178,112
PF19492	206,94,54
PF19469	211,202,93
PF12593	68,226,168
PF12757	93,206,145
PF08512	227,79,130
PF00615	203,120,61
PF04884	184,71,227
PF02727	149,87,212
PF01179	224,62,88
PF20237	110,191,229
PF13415	93,123,214
PF13418	68,182,61
PF06963	217,153,77
PF11182	68,138,199
PF03275	110,188,78
PF14393	193,177,73
PF13586	207,79,140
PF09361	90,79,211
PF05233	71,124,185
PF09712	161,199,61
PF19361	61,77,225
PF07100	214,166,72
PF19682	85,192,189
PF19705	209,227,69
PF19985	192,52,56
PF04972	63,120,184
PF09990	123,216,68
PF04413	169,210,76
PF01374	90,203,117
PF00754	209,70,198
PF19811	205,52,113
PF11706	72,122,205
PF07336	193,165,93
PF00246	77,166,204
PF14885	97,79,196
PF08608	170,212,78
PF19752	104,225,83
PF19449	171,187,51
PF05988	222,87,182
PF00960	78,205,62
PF19926	227,71,59
PF18328	205,93,147
PF19877	194,80,103
PF00549	52,189,59
PF08442	205,87,106
PF00759	83,225,133
PF11941	90,168,222
PF01909	210,91,201
PF19473	183,84,195
PF03714	207,64,183
PF02446	201,225,65
PF06902	69,178,100
PF13564	212,102,70
PF07681	220,78,194
PF18381	180,193,69
PF02566	218,168,103
PF08410	124,179,75
PF02781	225,141,106
PF00479	67,211,81
PF19491	190,88,110
PF11154	179,149,54
PF02805	177,60,184
PF18305	114,213,71
PF11452	184,179,82
PF01694	89,119,203
PF14863	92,189,202
PF14864	207,133,68
PF05228	88,58,199
PF03737	194,132,49
PF21783	75,225,96
PF10082	76,222,189
PF03808	148,189,59
PF10049	77,207,196
PF01721	200,137,53
PF01076	54,127,178
PF02979	187,166,47
PF02211	55,217,122
PF21006	223,85,170
PF09754	181,74,94
PF04324	172,199,96
PF01903	217,83,118
PF16173	225,103,84
PF16116	133,80,185
PF17940	156,99,211
PF14325	217,124,103
PF17195	212,213,79
PF21212	166,75,179
PF13723	206,180,54
PF19574	100,149,210
PF11659	89,187,194
PF12559	129,192,48
PF01073	166,93,223
PF05139	183,67,146
PF09362	71,129,198
PF14542	66,146,209
PF14522	85,195,157
PF03916	69,195,106
PF11821	188,55,152
PF13442	215,106,190
PF02630	102,166,213
PF00116	224,151,90
PF00034	76,194,81
PF01936	105,132,219
PF17957	68,91,224
PF01833	83,52,183
PF02057	85,192,73
PF21708	196,124,49
PF03400	196,113,63
PF08211	53,103,192
PF19454	228,128,107
PF19588	103,220,101
PF19451	88,227,127
PF02910	96,183,69
PF13701	70,131,180
PF10693	88,130,180
PF14592	82,164,209
PF18299	73,136,187
PF00782	162,95,194
PF17101	77,197,171
PF11380	204,210,93
PF20457	193,82,213
PF16291	200,211,74
PF03747	85,151,188
PF19631	75,166,185
PF19564	197,147,68
PF13532	55,192,133
PF12173	128,55,218
PF19709	100,213,106
PF17074	58,68,196
PF18158	190,59,175
PF18679	222,96,209
PF17720	191,170,93
PF09998	80,64,213
PF07484	52,93,201
PF02655	187,50,137
PF19990	72,85,189
PF10593	200,64,209
PF01068	188,86,212
PF04471	94,117,192
PF04120	89,217,148
PF19853	109,68,217
PF14587	65,110,220
PF08533	152,50,182
PF13612	109,73,223
PF17782	85,158,202
PF19386	212,213,69
PF11420	191,137,72
PF19158	189,69,210
PF08869	61,197,66
PF19157	215,55,68
PF13728	198,91,151
PF20207	80,171,189
PF19545	76,57,222
PF19884	77,55,202
PF03308	217,104,119
PF01642	134,63,190
PF13524	65,66,201
PF08007	189,92,112
PF19468	207,121,92
PF03693	185,164,83
PF04255	61,87,204
PF18480	132,206,85
PF12419	54,194,136
PF17227	98,206,133
PF04666	188,58,226
PF03435	184,160,56
PF19744	143,100,203
PF07626	80,59,190
PF07637	225,124,87
PF07631	85,101,191
PF07627	212,228,109
PF07624	136,210,85
PF07586	87,212,87
PF14332	157,198,74
PF19816	64,222,222
PF11804	193,57,156
PF13379	179,62,91
PF12965	56,159,215
PF09544	56,146,199
PF19894	74,197,123
PF17886	79,205,197
PF03050	175,87,199
PF07721	68,146,186
PF01755	188,72,135
PF00746	73,224,83
PF12996	82,223,208
PF13787	147,184,62
PF19980	67,60,189
PF03432	81,179,104
PF20874	105,127,218
PF05141	191,71,148
PF12051	135,181,69
PF19723	211,77,70
PF15948	198,128,62
PF19942	112,83,191
PF05930	90,183,185
PF19924	102,188,86
PF06167	221,165,102
PF13356	182,73,213
PF21390	225,168,102
PF11924	60,60,196
PF02369	156,73,198
PF09134	122,183,57
PF21764	188,180,62
PF10423	184,69,135
PF00230	99,223,164
PF02286	70,177,208
PF02288	87,120,223
PF02287	150,85,200
PF18427	66,207,132
PF08841	67,210,116
PF15953	218,172,101
PF04363	50,80,190
PF04632	58,191,86
PF02666	146,194,78
PF09376	199,197,89
PF14336	196,85,82
PF08542	52,145,199
PF07920	208,208,84
PF00025	210,87,82
PF01650	100,202,66
PF13855	86,73,193
PF12799	115,85,207
PF17900	196,72,134
PF01949	227,73,95
PF13656	89,197,110
PF03703	196,78,190
PF16656	195,177,90
PF01918	72,155,191
PF00382	59,106,194
PF01423	121,227,85
PF14544	140,195,67
PF02592	142,208,91
PF01929	175,58,207
PF13189	169,101,219
PF01199	77,196,168
PF01137	197,146,87
PF02985	61,79,227
PF21180	205,73,208
PF04406	104,185,222
PF09239	66,198,139
PF21763	68,180,99
PF05889	56,67,200
PF17835	56,192,152
PF19045	100,106,209
PF07085	220,109,61
PF01080	202,214,60
PF14701	62,174,193
PF02680	223,215,98
PF02001	71,202,84
PF00736	58,157,225
PF07754	144,201,58
PF02086	75,189,51
PF13192	192,66,163
PF20973	61,211,95
PF06197	92,166,205
PF03465	84,186,187
PF03464	224,213,63
PF03463	78,106,201
PF08617	213,88,206
PF01920	118,83,196
PF19810	204,94,87
PF10974	88,225,94
PF01269	60,212,111
PF01798	201,199,81
PF21572	77,163,192
PF18754	219,64,95
PF13414	98,95,217
PF20469	151,228,65
PF11977	204,95,92
PF13086	144,84,226
PF13087	157,192,90
PF10342	200,83,206
PF06634	74,135,184
PF08360	184,180,58
PF18195	182,53,75
PF11070	211,76,168
PF01314	182,50,185
PF02730	186,89,46
PF05129	210,122,103
PF10509	144,86,220
PF01428	109,212,99
PF00498	81,192,170
PF18884	205,91,87
PF05154	125,215,77
PF13248	106,192,77
PF08068	57,224,60
PF01472	100,154,212
PF01191	195,67,199
PF04563	154,54,179
PF04566	68,191,128
PF04567	124,205,78
PF02002	220,225,81
PF09202	74,182,156
PF02317	91,198,108
PF00240	216,107,97
PF18135	208,57,63
PF01796	82,212,228
PF12172	161,46,181
PF02744	92,225,158
PF01741	204,52,124
PF01864	94,189,103
PF03367	221,105,107
PF14229	95,225,90
PF20473	59,213,90
PF04266	120,84,204
PF09079	101,204,143
PF03833	184,89,171
PF08915	222,208,76
PF01941	162,179,60
PF01951	205,175,56
PF09341	89,95,210
PF01780	64,102,189
PF14382	74,174,226
PF20268	62,165,189
PF09377	167,193,68
PF01172	196,208,85
PF10584	78,132,182
PF09883	228,79,197
PF11838	65,187,172
PF01011	65,201,172
PF05222	87,99,202
PF16653	88,209,166
PF05853	219,96,101
PF01904	53,122,196
PF08271	57,193,61
PF03604	184,79,152
PF01253	180,74,119
PF19276	156,218,97
PF09889	224,75,75
PF02006	180,220,100
PF04670	87,224,199
PF00560	219,211,60
PF10050	132,191,70
PF16450	189,70,66
PF14810	195,81,188
PF01849	108,185,79
PF19026	191,77,192
PF21800	190,71,96
PF04981	54,202,149
PF04242	183,48,120
PF01873	204,57,195
PF09999	196,156,72
PF08646	50,196,142
PF04034	82,57,200
PF01935	216,103,227
PF08438	54,81,192
PF06677	200,193,67
PF00833	106,212,69
PF18911	62,209,67
PF04068	102,166,218
PF01921	98,199,123
PF01948	79,155,196
PF02748	178,87,216
PF01402	177,91,221
PF09868	66,46,181
PF00136	62,204,181
PF03104	180,98,216
PF08423	191,114,82
PF14478	217,89,82
PF21440	111,91,194
PF10996	195,91,82
PF16661	132,85,210
PF01865	96,195,188
PF01963	216,85,160
PF03577	82,200,189
PF18093	94,208,196
PF01658	135,203,83
PF01900	192,157,95
PF01876	88,216,81
PF01877	207,74,70
PF00827	65,197,101
PF00808	92,90,181
PF07837	79,142,222
PF02971	211,70,74
PF14066	89,135,216
PF05916	187,76,199
PF13239	96,170,194
PF11175	187,146,66
PF02929	93,218,213
PF16353	165,220,85
PF00950	82,215,201
PF02742	227,223,84
PF13195	67,207,107
PF18741	184,93,69
PF17975	51,84,202
PF04919	141,197,71
PF03874	153,203,97
PF01157	188,70,138
PF14464	71,227,114
PF21238	199,83,153
PF02830	192,77,168
PF10559	217,57,189
PF03382	63,203,123
PF00022	123,201,82
PF10061	216,216,66
PF02594	88,223,71
PF00179	89,221,176
PF02544	71,66,186
PF16983	72,225,75
PF10269	126,211,64
PF01937	207,65,185
PF13240	183,190,83
PF00125	143,190,48
PF01301	57,184,217
PF09138	73,201,146
PF20773	98,78,208
PF11700	178,175,65
PF04282	186,61,72
PF13596	148,201,87
PF12773	69,128,208
PF13421	192,95,145
PF18145	183,71,61
PF18144	77,190,204
PF13175	181,50,120
PF12367	77,179,110
PF03683	160,63,188
PF02943	182,55,110
PF02662	179,74,91
PF04077	98,223,140
PF13686	190,51,110
PF04422	159,202,61
PF04432	102,192,78
PF03065	54,211,113
PF21436	220,94,125
PF02516	67,88,195
PF17144	48,190,100
PF01280	202,95,146
PF01655	119,76,205
PF00900	191,66,152
PF16906	64,65,198
PF01868	201,182,67
PF01973	182,144,56
PF04756	217,126,59
PF02005	203,103,81
PF04007	216,65,97
PF05893	181,160,86
PF04443	54,180,50
PF18477	67,105,204
PF06054	216,82,217
PF10386	86,183,138
PF03439	70,223,120
PF01874	225,109,61
PF00016	156,181,64
PF02788	181,157,87
PF01008	135,180,74
PF17214	58,170,227
PF03657	229,107,110
PF01928	159,51,182
PF06026	90,119,183
PF11369	60,50,182
PF00670	142,102,205
PF06283	98,225,58
PF03684	206,86,184
PF17723	64,160,191
PF04165	226,217,74
PF09858	187,120,87
PF13516	129,198,60
PF00719	181,204,52
PF18958	124,60,225
PF20168	226,225,68
PF09173	94,189,108
PF02469	206,79,93
PF21210	149,197,74
PF02732	222,103,203
PF04151	203,76,165
PF09210	223,56,147
PF01020	219,131,75
PF01781	57,87,192
PF01981	181,80,150
PF01871	209,75,196
PF21485	60,203,95
PF01287	61,224,208
PF17146	87,175,199
PF00752	60,209,186
PF00867	100,48,189
PF02359	209,225,80
PF02933	220,93,151
PF05048	208,101,142
PF07760	56,115,203
PF19641	210,70,205
PF15514	87,93,178
PF07947	196,212,65
PF08704	78,206,151
PF01193	216,120,96
PF00850	59,215,164
PF16295	226,111,131
PF03699	152,101,228
PF19620	74,52,180
PF07311	180,179,71
PF13190	178,135,55
PF17297	163,186,58
PF00821	103,83,194
PF06267	128,74,181
PF08823	142,65,180
PF14249	127,189,83
PF00626	75,129,182
PF01875	224,132,104
PF01974	197,78,164
PF02778	69,181,208
PF01988	75,56,218
PF17832	225,92,111
PF07669	64,211,87
PF01907	155,80,197
PF13263	91,143,188
PF05753	191,179,60
PF07892	196,91,187
PF00352	89,213,226
PF07088	180,53,51
PF02615	222,132,77
PF14947	167,65,212
PF04107	132,188,71
PF00079	64,189,207
PF17777	113,227,226
PF00428	208,226,105
PF19502	198,87,83
PF14251	217,160,80
PF07318	64,161,188
PF04289	209,155,101
PF04038	198,83,179
PF20737	59,179,173
PF01922	188,108,77
PF01201	218,107,151
PF01997	78,224,154
PF03332	45,179,146
PF19510	108,161,226
PF15632	193,173,85
PF01982	81,212,131
PF02697	108,219,160
PF05899	74,117,203
PF01364	191,107,69
PF21280	142,188,86
PF17855	187,76,137
PF00493	216,58,97
PF17207	204,219,66
PF14551	227,67,69
PF17159	92,220,205
PF02074	221,91,113
PF04758	212,195,84
PF03966	211,137,100
PF03911	191,73,209
PF13482	140,223,107
PF01927	185,122,75
PF01712	170,179,47
PF06733	77,196,70
PF01247	52,196,114
PF14470	64,222,131
PF03357	96,110,222
PF10517	92,130,208
PF05971	73,174,198
PF05016	212,90,160
PF09962	95,148,194
PF04157	180,87,153
PF04675	136,100,212
PF04679	214,63,206
PF01916	211,80,208
PF01862	53,55,207
PF04894	80,186,184
PF04895	107,95,207
PF18306	223,92,101
PF02065	95,219,76
PF09834	97,208,145
PF01384	67,77,181
PF09297	220,71,72
PF01913	89,214,201
PF02741	219,152,87
PF10469	140,222,85
PF09819	52,206,160
PF03971	75,218,125
PF16114	97,185,73
PF08753	119,217,106
PF01325	97,80,184
PF02572	175,65,200
PF20181	208,57,96
PF08433	46,133,182
PF03685	82,56,196
PF18761	183,55,209
PF19656	67,194,134
PF13188	80,203,218
PF12893	110,225,82
PF16901	183,198,76
PF07705	211,210,99
PF00565	173,208,94
PF13392	207,52,64
PF08937	157,180,68
PF12651	67,156,225
PF08570	200,81,225
PF01015	218,74,110
PF08069	69,218,220
PF03297	191,113,88
PF07678	220,83,194
PF00207	74,201,201
PF07703	62,108,212
PF01835	94,171,195
PF14539	101,199,213
PF12476	96,201,149
PF14258	212,95,124
PF06271	83,56,198
PF04967	119,182,69
PF01986	209,202,70
PF20126	224,175,88
PF04525	55,189,110
PF11756	197,185,63
PF11127	149,103,224
PF14353	187,202,69
PF01934	168,73,188
PF00145	158,189,86
PF05872	69,135,211
PF09847	166,62,182
PF08821	185,84,158
PF13566	67,219,61
PF03352	219,133,109
PF04032	61,179,86
PF03587	51,143,181
PF03625	120,62,227
PF14424	64,215,176
PF20122	223,209,89
PF14595	221,121,61
PF13969	187,126,68
PF19890	105,189,213
PF09249	117,207,98
PF17884	205,110,81
PF02996	157,60,188
PF01775	89,185,106
PF01912	199,154,61
PF01198	207,77,86
PF00832	215,100,73
PF01984	228,64,97
PF01090	61,110,183
PF19131	164,189,90
PF09509	98,79,197
PF14578	183,82,210
PF01092	66,187,46
PF01246	71,147,182
PF01200	73,190,145
PF01194	72,106,189
PF13176	204,117,97
PF01599	222,161,79
PF01282	218,79,54
PF04019	219,70,105
PF03876	88,62,214
PF06093	179,86,129
PF01643	101,117,211
PF20791	193,67,173
PF04784	105,78,182
PF01398	100,199,207
PF01204	108,49,194
PF13088	188,97,74
PF06418	195,93,106
PF02536	194,106,84
PF21107	185,58,62
PF01283	47,77,189
PF08923	227,72,209
PF04410	226,220,102
PF07431	189,227,73
PF13386	218,102,152
PF05871	224,63,169
PF04212	182,157,80
PF13601	219,67,87
PF09992	70,92,196
PF18899	113,89,186
PF17253	173,208,57
PF00932	179,81,46
PF00935	172,189,64
PF01667	138,209,74
PF01096	179,112,87
PF00705	110,67,180
PF02747	225,201,106
PF03239	86,202,197
PF04104	207,120,88
PF01896	70,227,57
PF04135	112,74,227
PF07541	212,196,86
PF14890	175,60,216
PF00141	203,181,55
PF04143	99,79,218
PF02728	153,95,203
PF09981	125,220,81
PF03767	70,188,134
PF19458	81,84,205
PF16245	70,81,203
PF19310	192,201,58
PF01183	163,203,92
PF16934	62,188,143
PF19760	206,159,67
PF05185	175,223,88
PF02261	201,75,164
PF19981	201,200,51
PF02735	77,178,170
PF19701	194,84,194
PF19626	111,74,190
PF12277	73,175,213
PF05729	203,131,71
PF01337	181,136,48
PF02426	51,197,75
PF02450	118,222,58
PF19955	201,78,76
PF05990	146,91,187
PF03079	97,217,156
PF13456	166,106,228
PF02721	81,116,185
PF04195	78,58,183
PF00439	92,190,84
PF13966	93,189,141
PF03454	185,127,81
PF02391	229,59,190
PF00165	154,223,61
PF13772	115,56,208
PF07291	64,122,200
PF06970	137,200,94
PF19409	183,46,49
PF05597	192,91,184
PF05922	215,78,168
PF01483	225,109,171
PF10861	147,198,93
PF01328	149,93,218
PF14087	135,185,76
PF05170	144,222,110
PF01724	147,52,181
PF03040	206,161,57
PF13506	186,102,214
PF18916	86,109,217
PF19447	82,199,182
PF18947	95,211,225
PF13154	81,221,155
PF07467	72,191,112
PF00685	76,210,189
PF14552	83,198,126
PF07532	210,103,87
PF17189	228,203,61
PF02055	211,68,100
PF07995	159,94,210
PF14010	201,99,181
PF09840	58,184,130
PF10869	207,126,92
PF13680	204,79,82
PF05763	159,225,107
PF14419	167,90,220
PF01901	178,206,70
PF02834	199,206,58
PF21133	68,144,214
PF13230	217,148,55
PF04322	146,85,181
PF01939	212,184,102
PF21003	115,85,196
PF01889	60,194,51
PF13470	226,170,112
PF11536	203,95,80
PF03459	149,68,193
PF01885	165,84,181
PF18211	55,100,192
PF03750	193,62,184
PF03787	51,122,179
PF09455	106,70,186
PF13098	54,182,71
PF01970	186,87,141
PF09094	129,72,207
PF09095	51,193,73
PF16575	72,103,219
PF03686	167,76,208
PF01914	73,154,194
PF03168	119,63,195
PF09910	209,160,88
PF04017	70,207,171
PF18246	217,151,71
PF03192	66,186,146
PF11447	54,181,64
PF01940	95,221,161
PF19769	194,182,80
PF20123	207,97,129
PF17833	218,92,228
PF01972	79,181,69
PF01946	183,64,182
PF14528	216,214,83
PF10130	186,88,106
PF02222	50,167,187
PF21244	200,168,100
PF06849	224,136,95
PF06973	78,190,135
PF04254	98,228,101
PF01989	56,123,221
PF04412	49,159,188
PF01886	114,110,224
PF08843	54,127,188
PF04608	194,126,54
PF05168	214,191,76
PF01954	227,213,84
PF14076	210,68,227
PF18881	169,75,213
PF09314	184,52,142
PF01637	181,201,96
PF03008	106,215,203
PF06819	179,223,108
PF05626	82,60,178
PF18458	129,60,202
PF01994	59,183,176
PF13690	186,78,165
PF04283	70,144,221
PF05161	195,90,101
PF13660	202,87,116
PF18330	87,184,57
PF09414	221,80,100
PF18231	84,179,213
PF18489	208,101,112
PF21100	181,87,65
PF21690	102,207,75
PF07381	216,89,123
PF01917	202,69,192
PF05377	81,186,204
PF04659	50,149,196
PF06510	65,216,146
PF13173	223,91,151
PF04587	91,210,156
PF04407	198,83,126
PF04312	215,61,118
PF04415	212,167,95
PF13463	59,196,71
PF02150	136,208,64
PF04473	195,86,202
PF03956	181,119,66
PF13635	176,200,85
PF06777	193,89,112
PF04252	49,52,182
PF10120	211,101,68
PF15517	78,71,197
PF11469	52,179,48
PF21476	182,59,171
PF05559	88,206,119
PF01950	182,72,176
PF14601	90,184,121
PF01169	92,133,184
PF20176	73,68,189
PF04021	221,63,128
PF08351	82,224,135
PF05127	70,193,48
PF13718	206,88,72
PF03266	196,78,104
PF17915	71,140,187
PF03479	70,196,117
PF01955	84,210,189
PF11537	153,227,86
PF09823	80,83,187
PF04411	56,107,190
PF08859	126,200,52
PF13020	200,57,190
PF04465	69,57,188
PF04033	85,222,206
PF09658	173,216,78
PF09702	203,73,109
PF09488	79,224,148
PF04423	64,143,196
PF09378	190,65,170
PF01998	72,219,149
PF04039	222,164,105
PF13244	69,207,69
PF03334	193,223,100
PF04066	140,199,63
PF01899	161,48,180
PF19077	135,101,227
PF10007	55,178,210
PF17645	102,122,217
PF03091	224,176,103
PF13207	229,157,94
PF01878	59,154,187
PF21269	224,150,57
PF03069	79,60,188
PF11755	169,90,216
PF07302	91,87,191
PF02676	203,115,94
PF04024	110,59,220
PF08267	204,76,226
PF01866	65,64,216
PF04041	180,180,45
PF08494	60,201,209
PF19306	185,91,213
PF02643	227,220,90
PF04930	224,83,182
PF14809	72,179,206
PF10015	223,100,100
PF01884	95,144,216
PF21579	220,104,179
PF09852	66,223,212
PF20984	73,215,111
PF16795	212,159,77
PF06202	50,88,192
PF14742	74,203,169
PF09171	211,78,211
PF02897	179,56,120
PF09891	225,95,173
PF09336	88,207,152
PF03977	206,176,93
PF04277	58,159,203
PF08967	219,100,69
PF04010	188,74,80
PF04475	79,176,185
PF03673	81,219,120
PF06195	218,84,156
PF06858	71,187,205
PF01870	66,195,176
PF21011	195,180,66
PF10102	180,182,65
PF09874	116,203,59
PF01174	147,100,219
PF01680	210,93,93
PF09876	61,220,154
PF17806	216,88,206
PF10633	222,61,124
PF00209	78,106,207
PF05124	131,190,90
PF04013	117,65,186
PF20501	101,214,214
PF00329	92,142,220
PF00146	56,53,195
PF02952	186,48,78
PF13685	190,85,70
PF20986	85,177,190
PF02537	88,218,91
PF04430	186,119,81
PF13938	168,81,183
PF11897	81,222,72
PF01602	227,85,105
PF12717	101,214,180
PF15985	85,161,182
PF21266	65,70,197
PF04409	80,163,181
PF20768	108,99,215
PF01343	69,130,206
PF09638	80,59,213
PF10066	209,91,217
PF21711	134,217,78
PF04009	207,90,71
PF17135	87,210,197
PF21344	60,197,225
PF04256	229,70,190
PF08071	123,79,186
PF02598	221,110,173
PF02649	88,96,219
PF07998	120,93,219
PF17856	213,163,91
PF06068	214,97,161
PF08489	182,76,87
PF08745	217,84,97
PF14801	198,104,216
PF04123	75,128,206
PF17785	222,97,77
PF04008	164,94,192
PF19022	87,197,199
PF18714	209,80,69
PF02700	196,115,89
PF06560	190,228,72
PF02355	57,61,192
PF07549	161,190,74
PF13458	160,221,100
PF19388	226,170,60
PF13808	199,111,68
PF04261	64,79,190
PF07736	168,60,182
PF09859	66,193,203
PF02983	109,219,88
PF12553	188,77,165
PF11758	65,193,169
PF06543	57,192,159
PF10022	58,211,132
PF20938	184,67,139
PF18089	157,220,107
PF13277	78,203,198
PF20169	89,183,95
PF07045	91,133,216
PF12385	90,208,99
PF11774	187,147,92
PF05145	190,83,90
PF19696	75,110,208
PF19818	221,81,120
PF07661	179,205,74
PF01674	73,225,191
PF08898	140,103,224
PF08896	181,130,68
PF19485	70,198,213
PF05254	85,209,224
PF19989	116,183,84
PF12063	209,188,86
PF21127	102,61,212
PF03227	203,70,115
PF01652	198,90,181
PF07524	74,48,179
PF19373	226,66,209
PF10483	221,61,108
PF00170	223,62,214
PF16275	220,85,96
PF00098	86,212,163
PF02291	74,110,187
PF04938	204,206,92
PF02628	217,80,86
PF03134	174,64,214
PF04065	112,141,227
PF04153	99,88,181
PF08312	109,138,227
PF00168	63,181,58
PF08325	210,84,209
PF00328	199,139,56
PF18086	196,91,105
PF04855	208,146,54
PF00412	105,222,167
PF09531	142,83,197
PF03690	96,124,208
PF00225	222,105,155
PF16010	114,73,184
PF16862	173,207,97
PF02953	226,108,215
PF13015	220,214,101
PF12999	74,130,179
PF03645	145,99,206
PF10163	73,217,191
PF01722	197,165,90
PF05873	76,118,226
PF02197	222,145,89
PF02225	71,202,141
PF14616	77,193,127
PF14297	201,58,209
PF10902	64,81,198
PF06603	199,81,142
PF18943	70,192,61
PF08485	219,77,227
PF18291	90,104,229
PF14431	198,97,208
PF13947	226,79,208
PF14380	185,99,72
PF08263	89,121,213
PF12158	203,119,95
PF13796	200,226,89
PF21168	110,182,56
PF05694	75,77,187
PF12792	70,219,206
PF03741	161,206,61
PF01184	59,76,223
PF13529	56,209,152
PF13427	71,180,206
PF16655	91,200,90
PF19902	196,49,109
PF21780	64,75,216
PF17828	112,216,86
PF04000	99,172,204
PF09368	160,217,56
PF10587	176,104,224
PF10270	132,210,58
PF05686	104,187,219
PF04030	203,108,72
PF06082	70,188,114
PF11102	77,228,85
PF13505	188,63,134
PF07507	157,54,201
PF20512	211,61,138
PF13665	50,185,78
PF14412	229,64,134
PF13551	102,206,101
PF13683	207,65,169
PF19448	99,136,205
PF14732	210,93,152
PF10343	188,76,103
PF04774	93,116,224
PF04564	72,57,216
PF00345	78,141,219
PF02753	217,207,90
PF13954	78,224,96
PF00577	60,226,92
PF13953	132,183,70
PF13323	192,92,215
PF12349	179,56,96
PF18058	214,161,88
PF14524	52,205,184
PF21374	53,204,136
PF02796	153,193,60
PF03068	210,94,188
PF19871	101,114,203
PF01719	57,226,106
PF00910	191,142,54
PF09848	131,225,105
PF09277	216,65,211
PF00595	194,92,104
PF05952	99,212,157
PF13285	185,148,88
PF17132	213,67,186
PF05970	216,111,61
PF03184	204,84,115
PF14686	207,165,54
PF14683	142,187,46
PF19750	193,78,83
PF19298	125,80,183
PF13788	82,118,184
PF18977	52,183,162
PF19151	73,130,201
PF02048	220,70,94
PF02898	53,182,134
PF19736	109,53,208
PF21686	218,59,65
PF19873	69,72,223
PF16203	204,56,109
PF13625	93,195,177
PF19472	226,134,58
PF08706	148,71,195
PF14535	93,52,205
PF16715	67,171,227
PF18631	108,221,75
PF09290	93,192,201
PF07836	87,189,100
PF17197	197,140,81
PF11960	214,108,57
PF19604	99,216,56
PF20248	201,183,66
PF13108	174,83,184
PF03067	199,163,97
PF07683	216,109,88
PF10925	153,61,204
PF11033	193,68,182
PF14040	60,158,226
PF17363	95,98,224
PF13006	201,91,131
PF19400	184,78,81
PF13768	207,142,93
PF19535	201,90,184
PF10361	221,58,169
PF10392	87,56,179
PF20649	209,54,87
PF05383	96,198,144
PF13905	89,154,195
PF03995	128,181,45
PF17938	68,57,205
PF20171	170,79,208
PF10128	192,95,158
PF08223	208,102,104
PF20803	189,84,60
PF07848	64,110,208
PF18934	80,162,215
PF03544	217,155,59
PF03781	179,77,62
PF00545	218,103,59
PF03527	213,120,102
PF21725	186,58,103
PF05655	94,199,156
PF13521	56,206,130
PF00902	221,56,60
PF10414	95,200,133
PF07833	85,115,197
PF00395	127,75,190
PF10709	178,157,60
PF19965	80,216,148
PF09126	94,189,185
PF03745	103,210,165
PF02839	81,183,76
PF19747	210,80,108
PF19635	124,67,214
PF13964	108,209,70
PF07976	100,193,69
PF04226	64,181,66
PF18968	189,195,77
PF00351	195,105,85
PF19739	65,82,220
PF12006	104,149,228
PF00026	195,175,67
PF19728	70,214,123
PF04952	104,228,146
PF03349	131,64,222
PF17648	203,83,176
PF02600	128,96,208
PF19455	214,72,210
PF07592	91,85,222
PF05957	57,105,192
PF19029	214,175,89
PF16582	216,184,68
PF21508	70,134,215
PF21770	210,102,89
PF07660	53,56,184
PF21351	93,200,184
PF08338	134,199,90
PF07007	55,188,75
PF08992	127,210,60
PF09100	176,73,223
PF09099	76,184,214
PF14930	158,76,182
PF09098	189,158,62
PF14903	180,208,87
PF14235	220,132,92
PF19659	83,116,193
PF08521	190,83,155
PF11412	223,124,82
PF13899	229,103,121
PF08558	144,179,80
PF02982	102,199,80
PF12759	71,181,137
PF07828	60,200,154
PF03811	224,150,76
PF09327	199,178,59
PF04358	221,125,98
PF08755	91,189,183
PF12462	190,75,193
PF12805	188,150,58
PF05717	132,57,193
PF13007	188,65,152
PF13005	205,170,63
PF13817	95,169,198
PF04994	62,200,192
PF03846	151,58,227
PF01389	60,199,135
PF17414	228,102,58
PF06303	178,74,151
PF04957	211,86,169
PF03886	192,197,50
PF04403	216,143,97
PF03476	66,214,149
PF07126	75,90,193
PF21083	94,104,219
PF12625	95,198,85
PF19707	180,46,138
PF20613	86,192,123
PF11236	150,88,180
PF07277	172,84,190
PF18374	195,88,82
PF07470	194,55,113
PF09995	200,204,53
PF19278	196,100,59
PF02538	201,57,163
PF00076	195,57,49
PF01654	76,90,199
PF02322	85,202,171
PF18105	204,203,100
PF18604	181,96,71
PF14099	60,74,182
PF19465	170,211,77
PF14716	107,57,200
PF05960	181,83,221
PF19609	204,53,184
PF19741	52,200,157
PF19726	206,65,183
PF12770	164,89,200
PF19673	85,211,139
PF09394	162,106,220
PF00450	62,61,185
PF19467	196,186,77
PF04234	111,206,90
PF19497	65,183,196
PF12762	201,192,73
PF05231	204,204,98
PF13372	157,188,64
PF16824	165,105,222
PF05426	97,223,100
PF06422	194,76,173
PF10042	131,62,197
PF13726	155,73,199
PF13011	88,190,201
PF03548	75,99,203
PF09835	132,94,196
PF19482	72,216,54
PF19587	50,77,197
PF11316	186,216,95
PF01024	122,81,189
PF10067	187,169,79
PF19490	221,67,205
PF12974	115,78,213
PF19948	224,167,100
PF19382	111,52,183
PF19934	206,222,57
PF10143	180,75,219
PF01149	225,79,126
PF06831	185,49,143
PF01231	75,118,205
PF17830	156,68,216
PF07858	201,184,78
PF20656	191,82,149
PF01274	99,216,228
PF20659	104,212,153
PF07179	180,133,49
PF08899	70,191,101
PF08940	124,60,182
PF19460	82,228,191
PF05719	75,58,180
PF10002	214,163,82
PF09678	56,180,169
PF05128	222,150,101
PF17918	111,60,199
PF03136	172,206,71
PF19040	71,70,193
PF13667	60,147,178
PF04087	182,59,226
PF04332	181,83,140
PF07331	84,130,223
PF03401	108,228,178
PF19988	224,202,101
PF17925	188,194,82
PF19288	144,222,84
PF05787	206,91,146
PF19474	87,182,109
PF02551	73,138,198
PF12029	218,206,77
PF21252	181,109,79
PF17866	192,55,150
PF09821	183,79,49
PF15575	211,157,100
PF05936	78,216,192
PF14331	204,213,91
PF06761	101,229,145
PF06744	102,227,87
PF19793	186,107,224
PF17198	95,157,192
PF10070	202,205,91
PF19945	63,213,138
PF16226	188,51,92
PF17334	207,79,110
PF17340	108,229,141
PF10118	101,211,228
PF04480	98,58,179
PF04365	131,69,192
PF09948	183,96,75
PF19471	55,63,216
PF07167	196,49,98
PF07879	214,93,161
PF19394	64,95,189
PF19152	193,86,131
PF06056	79,113,192
PF06945	85,197,180
PF10364	147,61,179
PF05699	81,181,87
PF14291	188,67,161
PF19863	187,57,123
PF05954	222,61,88
PF04717	82,181,178
PF19772	48,106,187
PF14064	152,202,65
PF09490	89,200,146
PF09489	101,201,213
PF02485	188,83,152
PF01958	139,198,57
PF20552	186,51,185
PF02621	84,76,202
PF06210	73,190,100
PF02674	76,187,122
PF07332	182,45,69
PF06965	228,97,82
PF19381	227,111,205
PF14417	88,205,134
PF07388	124,194,56
PF12040	135,182,82
PF04309	186,198,77
PF18970	228,159,102
PF19813	97,226,97
PF20423	209,95,225
PF06827	92,90,197
PF02230	203,89,191
PF09177	65,146,228
PF00956	61,214,204
PF08353	82,179,158
PF03405	195,91,214
PF07488	67,119,214
PF07477	206,193,78
PF17390	57,204,228
PF17389	206,97,112
PF05592	159,221,109
PF08531	120,186,61
PF19787	182,114,57
PF00295	183,88,95
PF01120	102,212,139
PF19399	181,185,76
PF05406	193,110,82
PF03723	75,51,198
PF00372	48,57,184
PF02586	58,210,148
PF20510	93,175,195
PF04209	102,182,84
PF19733	93,207,113
PF04341	90,216,151
PF01756	115,220,72
PF19892	177,57,194
PF17258	96,164,225
PF19874	186,155,73
PF06259	84,224,73
PF20597	180,59,84
PF19508	59,93,212
PF19953	176,211,90
PF07536	201,99,82
PF19486	48,186,74
PF05076	70,179,189
PF13568	209,83,77
PF13310	57,200,129
PF19446	78,201,150
PF19410	210,75,197
PF11158	208,90,123
PF06305	93,62,181
PF03552	162,190,57
PF14555	212,223,94
PF08059	210,194,93
PF00789	215,78,123
PF01603	191,149,90
PF13715	218,84,111
PF19907	81,183,144
PF19621	183,64,84
PF18967	133,93,207
PF09844	84,162,222
PF17046	86,192,146
PF12937	57,63,179
PF04419	222,101,57
PF12907	82,121,195
PF00023	225,169,100
PF08933	184,79,200
PF07287	193,84,126
PF13637	213,72,120
PF07617	179,139,52
PF08020	228,75,198
PF03663	95,202,62
PF06824	186,99,55
PF09905	195,78,123
PF08681	141,227,84
PF02696	63,89,225
PF02433	63,225,178
PF14715	134,179,60
PF03423	59,192,163
PF19688	89,222,76
PF14436	187,88,111
PF10824	148,76,204
PF19365	87,94,224
PF17102	61,191,218
PF17103	89,200,100
PF19464	100,229,105
PF01983	98,198,212
PF17652	225,140,78
PF14344	198,74,177
PF04705	57,197,49
PF04982	60,165,184
PF19581	89,49,185
PF19452	217,148,73
PF09296	191,111,75
PF19856	218,104,200
PF04313	68,183,128
PF03765	52,99,179
PF00650	161,200,87
PF19527	76,163,183
PF04479	80,185,52
PF01794	101,216,195
PF04145	109,180,66
PF04750	204,104,80
PF00262	96,168,203
PF08922	187,99,73
PF13376	72,210,151
PF04326	62,70,178
PF14307	138,228,79
PF05045	54,124,196
PF04325	126,71,187
PF14346	199,64,81
PF18288	75,100,217
PF08326	199,190,66
PF12872	203,99,82
PF13284	64,227,109
PF19476	186,152,65
PF03649	89,160,225
PF13609	167,216,106
PF03922	82,182,140
PF04273	102,59,218
PF19549	141,85,180
PF07914	97,60,209
PF19936	147,214,95
PF13688	62,194,69
PF08548	211,124,82
PF04208	88,180,185
PF04237	198,210,101
PF00182	102,82,201
PF03330	94,197,165
PF19859	101,214,60
PF12862	62,209,131
PF03942	190,52,91
